problem,features,degree,alpha,train_mse,validation_mse,validation_mse_std,validation_r2,fold_0_mse,fold_1_mse,fold_2_mse,fold_3_mse,fold_4_mse
var1,x1,4,1,9.915670092210998,10.038890217712298,1.015758312365406,-0.0061236700599154315,11.568397704118919,8.750783651277885,10.00777850614276,10.163277098181613,9.70421412884032
var1,x1,4,10,9.917050354677256,10.017666212208011,1.038985244625562,-0.003733152193164546,11.571798057707083,8.682748710326138,10.008149907946622,10.134801009814197,9.690833375246015
var1,x1,4,100,9.927415942484298,9.980993825138142,1.0928351152825742,0.0005337655185501333,11.585680168603771,8.536274522468084,10.017387132386038,10.099976109211543,9.665651193021272
var1,x1,5,1,9.8695341330808,10.012442815215707,0.9568259800701423,-0.00412007359479174,11.501445626055306,8.882443795887388,9.970998267447973,10.094388226311429,9.612938160376434
var1,x1,5,10,9.90070350532348,10.018066228476552,1.0043531554138883,-0.004153991142896029,11.5474521340317,8.770005844426388,9.994514689214329,10.11770350833191,9.660654966378448
var1,x1,5,100,9.921766850776837,9.988061070904617,1.0792075339079286,-0.00031965111499736575,11.581126699927077,8.569551728508982,10.014629988767032,10.09701836127321,9.67797857604678
var1,x1,6,1,9.85865970174223,10.006997449715485,0.9519185992232814,-0.0036290522199697193,11.48771342691523,8.889112425753336,9.95430826104543,10.108382449201034,9.595470685662388
var1,x1,6,10,9.898312628427576,10.016569991738242,1.0026520552489606,-0.0040239462158250475,11.546497287835859,8.77448724632533,9.991790743355986,10.111512295046328,9.658562386127713
var1,x1,6,100,9.920397183559203,9.988064349334143,1.0790679392180913,-0.0003241717565811042,11.583396334979428,8.572392196687943,10.014432341717228,10.09292020134502,9.677180671941104
var1,x2,4,1,9.91336375212186,10.029326192986755,1.318679414128111,-0.0021939742263077378,11.917121418107342,8.216902757769276,10.025444754425573,10.22209969022308,9.765062344408506
var1,x2,4,10,9.91660015749722,10.017664523705614,1.2970207826400917,-0.0012065349660255408,11.866647637459668,8.225879998928068,10.034044887813025,10.20092737812674,9.760822716200561
var1,x2,4,100,9.932461190307194,10.008225767211128,1.2610719361464022,-0.0005752186699256479,11.79506430137237,8.256441663212764,10.057330885170984,10.18261480265743,9.749677183642099
var1,x2,5,1,9.907445124592211,10.035862302936561,1.3248716466395123,-0.0027972887573069817,11.918450444691985,8.208366759734801,10.019619950606033,10.27743810276561,9.755436256884373
var1,x2,5,10,9.913285018516508,10.01791346020012,1.301804276771898,-0.001187230282672691,11.871580813355179,8.218627136963507,10.029492684879934,10.211818893161762,9.758047772640218
var1,x2,5,100,9.929073539478292,10.006623658534805,1.262801555955023,-0.00039765222379841705,11.796209287096481,8.251559800487154,10.05266142552355,10.178994795706103,9.75369298386074
var1,x2,6,1,9.896842044736081,10.032581818292932,1.333290022636954,-0.0023915532171487008,11.926853616540786,8.187967812198222,9.998973558594066,10.267995290505317,9.78111881362627
var1,x2,6,10,9.906783576193437,10.019370910795601,1.3181810450797196,-0.0011883841482327462,11.900175956394644,8.201132289594844,10.014340212099729,10.220064678132944,9.76114141775584
var1,x2,6,100,9.921734612257689,10.006798704443053,1.2781996574113608,-0.0002755555602521831,11.821653112727429,8.233546379444185,10.039679590152792,10.185430002461814,9.753684437429053
var1,x3,4,1,9.000787964897683,9.167596748855019,0.8433182395430313,0.07964637539238587,10.068291113879178,8.14402960881496,9.66692111522546,9.556267763733956,8.402474142621543
var1,x3,4,10,9.002069887803186,9.155263176548411,0.8439142996396274,0.08092140723315888,10.056458480124709,8.122979792832492,9.658334204405588,9.538805417800253,8.399737987579012
var1,x3,4,100,9.014221315182539,9.137035769865243,0.8570412888217736,0.08308011968647186,10.099190546602271,8.055426827138549,9.610902738137638,9.486662000005527,8.432996737442231
var1,x3,5,1,8.989977871827401,9.162113506918384,0.8568582049235802,0.08036237221791223,10.103665055100057,8.127564150512404,9.651594108878438,9.539120613784632,8.388623606316397
var1,x3,5,10,9.001666199611112,9.159466570453914,0.8440516801687943,0.08049137439454623,10.062809781984432,8.130824927800449,9.659652052412952,9.544344939409601,8.399701150662132
var1,x3,5,100,9.012955982478218,9.140367793194011,0.8477226616166336,0.08263401363431051,10.091543992595836,8.080471810387882,9.60113220842547,9.499204164063087,8.429486790497773
var1,x3,6,1,8.989018749681339,9.165470936210253,0.859484760191567,0.08004039065694042,10.108501094618665,8.128172361475265,9.658187838595618,9.543919375274143,8.388574011087579
var1,x3,6,10,9.001930088849287,9.16164658333435,0.845177951429891,0.08027241760162207,10.062794607979985,8.13157857494389,9.66356836855951,9.550777754174328,8.399513611014044
var1,x3,6,100,9.015210651550513,9.147934337535181,0.846956998541181,0.08177671883111415,10.069556711361392,8.095337695992296,9.635287324592735,9.522457068375562,8.417032887353923
var1,x4,4,1,9.946912080249513,10.082234980980532,1.178379322043011,-0.008845667366622133,11.735778875743065,8.439350921137818,10.113258974600308,10.305528891121535,9.817257242299938
var1,x4,4,10,9.951357160210796,10.074481782772116,1.1728802138729253,-0.008117736291349865,11.734007023838918,8.454191022120039,10.114027835078426,10.27856506031849,9.791617972504707
var1,x4,4,100,9.982985842428153,10.082257797648396,1.1648649046211978,-0.008994410988199508,11.745950141271653,8.496096684737825,10.126404665636095,10.280754407172438,9.762083089423964
var1,x4,5,1,9.944858709645317,10.088427659606506,1.1702489084996839,-0.009554860638929208,11.736501071841138,8.464052760306451,10.112342863194838,10.311080509841997,9.818161092848092
var1,x4,5,10,9.95175874852975,10.076757225093674,1.1773825728690128,-0.008303294105357883,11.74213445092388,8.448830549366313,10.120428842209114,10.277126331140582,9.795265951828474
var1,x4,5,100,9.974240460663802,10.075596643527303,1.1722754145095151,-0.008245437608581962,11.749470590214605,8.47552828183495,10.126611143047016,10.262639334724708,9.763733867815239
var1,x4,6,1,9.937624593983376,10.095896114328763,1.1685946790041029,-0.01032192326257717,11.73213003613101,8.46657004842125,10.125066608207609,10.331813114706986,9.823900764176969
var1,x4,6,10,9.950980500325555,10.087762618619294,1.1779536190610687,-0.009413297468799842,11.742367333917404,8.453736202532488,10.123330306039659,10.323979784015615,9.795399466591304
var1,x4,6,100,9.97215834509485,10.08348961376625,1.1724956901396202,-0.009044098104366637,11.74932151177083,8.47988724836809,10.125397193163165,10.300929499751765,9.761912615777401
var1,x5,4,1,9.442987949809737,9.519778188832912,1.1589886649663137,0.047758767447191056,11.18205221183454,8.018396853787566,9.731313032463628,9.68114170804318,8.985987138035657
var1,x5,4,10,9.450036588509914,9.521549445169306,1.1384029916908973,0.047398592427928675,11.143784870626073,8.035000698262717,9.745215380446117,9.679346790776496,9.00439948573513
var1,x5,4,100,9.515455599995299,9.57418241862292,1.0964199014373623,0.041706342653244285,11.120039610667362,8.119015827728521,9.810025726996939,9.72109917755454,9.100731750167236
var1,x5,5,1,9.439482020538682,9.525999030952647,1.159212470091618,0.047132561300387434,11.17493804308433,8.016631895403808,9.72318594258125,9.733331806481132,8.981907467212725
var1,x5,5,10,9.44379986208761,9.517821992819373,1.143917853786061,0.04782857838642807,11.142601828791793,8.02095126106761,9.72987531791249,9.70203485104407,8.993646705280891
var1,x5,5,100,9.504432991338266,9.564631858482176,1.0999816802901925,0.04270561767145011,11.116046876181748,8.105338538982036,9.79906581216384,9.713711730452266,9.08899633463098
var1,x5,6,1,9.438643410118152,9.528279893015707,1.1599909008150573,0.04690855390835811,11.175253626909136,8.01635757983747,9.722483447857247,9.745728679360905,8.981576131113773
var1,x5,6,10,9.443602318948496,9.519098763055705,1.1435003853053767,0.047694059921828534,11.143783191434158,8.023808072623194,9.730295108662162,9.703961492671308,8.993645949887703
var1,x5,6,100,9.504724461541782,9.566914380488985,1.101438415947165,0.04248739224283478,11.118446419249048,8.104868183099434,9.80907302074213,9.712701468606534,9.089482810747782
var1,x6,4,1,7.9892572676658915,8.084634110614035,1.4656763865488185,0.1940915105975708,10.60963040412124,6.845526748351458,7.836729100771215,7.363561054237101,7.767723245589158
var1,x6,4,10,7.992012496322263,8.078693728340351,1.471099245281269,0.1947608413371204,10.617378963116167,6.836456056017117,7.8184551609979165,7.381890952457451,7.739287509113103
var1,x6,4,100,8.026522625643235,8.093742024081372,1.4533775776451587,0.19328422274581952,10.598912753827014,6.825310476455345,7.829031773308531,7.503001921461309,7.7124531953546605
var1,x6,5,1,7.986129793192271,8.083673159840945,1.4655446918682404,0.19419225764262069,10.60742488997548,6.841274341096539,7.833082922243312,7.362894594072228,7.7736890518171595
var1,x6,5,10,7.992254960915885,8.080454000205162,1.4701319319989998,0.19457282153214026,10.617285987863184,6.839500301745025,7.822587037524428,7.381949246176657,7.740947427716506
var1,x6,5,100,8.028502510178521,8.099698628273277,1.4617051980581708,0.1927512779566132,10.620352860918999,6.825594249537522,7.828627750780766,7.5118852216044845,7.7120330585246135
var1,x6,6,1,7.981784259479116,8.088298842347285,1.4724355714791404,0.19378120079982564,10.624146915381877,6.8405290825912335,7.837244418124501,7.364758084483954,7.77481571115486
var1,x6,6,10,7.992802333487734,8.084799815371701,1.4663286440113632,0.19407543866418747,10.617103804144033,6.855764959557694,7.825011201383953,7.3821276903381285,7.7439914214347
var1,x6,6,100,8.031193044776336,8.105537874297964,1.452879492342392,0.1919940435492717,10.617020109150396,6.8683394541162555,7.839881054822402,7.4872187260843175,7.715230027316449
var1,"x1,x2",4,1,9.561327406631788,10.246174084429033,1.361323823964378,-0.023918593380414865,12.263701600274135,8.489320351248534,10.046072327804291,10.542983393613516,9.88879274920468
var1,"x1,x2",4,10,9.569726102013693,10.160759691956862,1.332784891237898,-0.015477498044222516,12.089037970050494,8.388577803516428,10.010627649061146,10.49230635496136,9.823248682194878
var1,"x1,x2",4,100,9.642270576232002,10.00925217385289,1.2676530692169055,-0.0006982988214211839,11.731157235955248,8.228938138599784,9.948728336387969,10.444595199174048,9.69284195914739
var1,"x1,x2",5,1,9.453523670046796,10.293225837411018,1.4007564335369451,-0.028417957398710426,12.373842041199586,8.548138782791876,10.075056936468817,10.692638141440137,9.776453285154682
var1,"x1,x2",5,10,9.51220150056395,10.201141071774538,1.3574256647825793,-0.019392414062711617,12.198760748490017,8.449144079965565,10.0274119500213,10.537802502383693,9.792586078012118
var1,"x1,x2",5,100,9.613723083054392,10.056236053081069,1.2957672567493816,-0.005190890739119403,11.869620263841979,8.268724229495865,9.959417941856671,10.423823296621737,9.759594533589084
var1,"x1,x2",6,1,9.356649034866056,10.31542059018636,1.3950228714045323,-0.030798164397932502,12.38507907576453,8.565002094559555,9.955052978040936,10.727260220669018,9.94470858189776
var1,"x1,x2",6,10,9.474522392373553,10.226609982375146,1.3751511902821634,-0.021804726004228493,12.243538185365143,8.43336838725848,10.01728284429659,10.563325174848185,9.875535320107328
var1,"x1,x2",6,100,9.58581069238172,10.092510055540862,1.328143339954558,-0.008559102941623941,11.914339591897509,8.234160106792455,9.998675276545029,10.522400093165192,9.792975209304124
var1,"x1,x3",4,1,8.555543087972804,8.946340547991934,0.7954561796906083,0.10133987271147923,9.947993029781369,8.184343621746457,9.055676523529963,9.432981389143947,8.11070817575793
var1,"x1,x3",4,10,8.56233272435011,8.901937331953276,0.7997875243738591,0.10599408124183865,9.895100731102463,8.086716246414854,9.051773880236343,9.382838913081846,8.093256888930872
var1,"x1,x3",4,100,8.61380096906571,8.840226532347803,0.8290038320859607,0.11269450832947699,9.829633848164438,7.895322460160735,9.062314665305394,9.336359256341806,8.077502431766636
var1,"x1,x3",5,1,8.441564380208124,8.93153635308551,0.7040928656197368,0.10165228217983553,9.768812901668937,8.360524431298803,9.027977474416948,9.41381809245335,8.086548865589517
var1,"x1,x3",5,10,8.492846692608008,8.904674005095108,0.7418335992212509,0.10494724474921913,9.797515444949713,8.218791681450028,9.015579010260328,9.40560906630594,8.085874822509533
var1,"x1,x3",5,100,8.582903647712081,8.856064014563222,0.7815800643160118,0.11050689109265968,9.777016379617569,8.012746074349256,9.008436529273974,9.386994829912258,8.095126259663065
var1,"x1,x3",6,1,8.374272916897922,8.929369885016804,0.6590349972366549,0.10190475513407873,9.743545323064989,8.306254588745805,9.06634427649038,9.319242897481491,8.211462339301358
var1,"x1,x3",6,10,8.457923084322696,8.896129522461575,0.741163909421492,0.10600905672978281,9.822303524267179,8.17303094423139,9.012459212907899,9.34964940337422,8.12320452752719
var1,"x1,x3",6,100,8.56416595069992,8.862754878007276,0.7903222543288548,0.10999056502241873,9.809985267449203,7.994294152633927,9.025884903073727,9.37073209028796,8.112877976591566
var1,"x1,x4",4,1,9.622238662521426,10.201958282952264,1.107385149207973,-0.0220944256817756,11.700411046255052,8.701184494249734,9.800121788096913,10.690725555975028,10.117348530184591
var1,"x1,x4",4,10,9.631672552917095,10.138273094535199,1.0901563408651378,-0.015753316227733304,11.626900288982522,8.660196379844756,9.771242861081577,10.594713970562937,10.038311972204202
var1,"x1,x4",4,100,9.69745983995915,10.009203144657574,1.1024230521865803,-0.002393474130233364,11.58653072602805,8.54001369579761,9.771885591881325,10.347839498822273,9.799746210758613
var1,"x1,x4",5,1,9.528985205235813,10.288702053566476,1.1784459376746432,-0.030622290400572315,11.895566177002513,8.813964405992913,9.676013203850093,10.920913175291712,10.137053305695147
var1,"x1,x4",5,10,9.577871757955776,10.196167960996103,1.1467604875822048,-0.021315116735257832,11.78652126306148,8.718900598597662,9.687221146431899,10.719149319016378,10.069047477873095
var1,"x1,x4",5,100,9.655446932690943,10.035902026958613,1.1237237828502913,-0.004991440947621317,11.655499355691209,8.55030323738462,9.708213155415564,10.350443450341038,9.915050935960627
var1,"x1,x4",6,1,9.46744977260949,10.366311243192253,1.1737604823971388,-0.03882614737959407,11.94946137386689,8.97728538143221,9.655293403728136,11.091642194819531,10.157873862114503
var1,"x1,x4",6,10,9.55018319595504,10.240517295945285,1.142584263011101,-0.02593729873009709,11.785499377824804,8.768291050086546,9.704123753886702,10.841373712639108,10.103298585289266
var1,"x1,x4",6,100,9.632568470811929,10.079518639592761,1.1252439685364386,-0.009447694333015667,11.62097927724498,8.550843259866966,9.728512986641245,10.541327619721637,9.955930054488979
var1,"x1,x5",4,1,6.64561857433605,6.95803074521943,0.8043392568279889,0.3022154381521533,8.091661187295532,6.378639663640821,7.303016596897402,6.9794363589066535,6.0373999193567425
var1,"x1,x5",4,10,6.652201438246588,6.927387418738485,0.7965524196715085,0.30529517304775033,8.054802715857535,6.342399355095205,7.290147520956696,6.912646348373359,6.036941153409626
var1,"x1,x5",4,100,6.719626101369431,6.89354719310966,0.7489512914273264,0.30854763396669976,7.947812189301649,6.279743303419717,7.2524148512260185,6.885822230553906,6.1019433910470156
var1,"x1,x5",5,1,6.565972439003391,6.951356743393509,0.7761940964681141,0.30204923224392405,8.082338635479479,6.595223971328872,7.213356690427848,6.8789067292218276,5.986957690509522
var1,"x1,x5",5,10,6.604780123407655,6.924479855210859,0.7806706134664331,0.30521506465115145,8.052947334674407,6.438660185315996,7.2556136183517665,6.852650497014848,6.0225276406972785
var1,"x1,x5",5,100,6.685190544750323,6.900152338502861,0.7889406719085434,0.3080473787491738,8.028386739054493,6.303891931100189,7.300115033737372,6.799592701093738,6.068775287528512
var1,"x1,x5",6,1,6.529029446672046,7.007073338686823,0.7933473010765134,0.29621231013465127,8.08275023205851,6.683692546548909,7.378582002796972,6.938352759222501,5.95198915280722
var1,"x1,x5",6,10,6.589366773124361,6.945648835589624,0.7927040024119355,0.303143704458296,8.06587245117266,6.441412317616906,7.323109615493169,6.8781201576165385,6.019729636048844
var1,"x1,x5",6,100,6.695665519214667,6.932559535555434,0.7731949949656732,0.30473965747240384,8.037839310890396,6.318313783687129,7.333307509559793,6.8288265933755286,6.144510480264326
var1,"x1,x6",4,1,7.07649805671957,7.366211811246846,1.6112204684270752,0.2660699400180734,10.15273980780982,6.493197740477383,7.071197665089736,6.077154859502508,7.036768983354793
var1,"x1,x6",4,10,7.08043159827516,7.346523039207622,1.6113541827791784,0.2680798522463293,10.136338024804752,6.472495365720841,7.045223880275051,6.067691218923238,7.010866706314232
var1,"x1,x6",4,100,7.142617280695832,7.339177267085267,1.587606397076064,0.2688875544184445,10.105325719496161,6.439083296247685,7.016818290331221,6.16433034883252,6.970328680518745
var1,"x1,x6",5,1,7.010082584592949,7.450524815240023,1.5827536148793455,0.25720414172695216,10.160948523333627,6.567622419234288,7.073511223349124,6.13349518183715,7.317046728445928
var1,"x1,x6",5,10,7.031357443256439,7.378238541299263,1.6024779382409826,0.26480851621013074,10.13498232224443,6.461037186244724,6.996072102339646,6.091507538741312,7.207593556926201
var1,"x1,x6",5,100,7.108038005434112,7.347190754319551,1.6215060450562238,0.2683809990724034,10.163495230614814,6.388059611417153,6.9895428860284285,6.142772296965817,7.05208374657155
var1,"x1,x6",6,1,6.943919883407264,7.479215241032923,1.572606344813029,0.25451509786426463,10.184855103518782,6.535623296874806,7.061101665081571,6.257879650781511,7.356616488907949
var1,"x1,x6",6,10,7.01445407606108,7.4025673341340745,1.5871995045034903,0.2623870479942167,10.14488999405766,6.4678556745513305,6.997635260079531,6.1839921698969995,7.218463572084855
var1,"x1,x6",6,100,7.102355925412534,7.360898375356003,1.5987359115985273,0.26684688362444503,10.147067169570942,6.42808589735202,7.009930460660671,6.19788718884353,7.021521160352849
var1,"x2,x3",4,1,7.9320568062189825,8.408185674252614,1.2282364505379098,0.1590474219508151,9.26634645618652,6.64157767944412,8.473541673805073,9.782947566727438,7.876514995099916
var1,"x2,x3",4,10,7.939336153403427,8.363351736578537,1.2200482548161795,0.16350406389408784,9.178105701551834,6.579493577285501,8.47086856789847,9.722953998827567,7.865336837329311
var1,"x2,x3",4,100,7.9994834668863675,8.29584004571809,1.1706495594305857,0.16982693648084674,9.010213205289933,6.563586415946747,8.456091701847996,9.612687596941171,7.836621308564602
var1,"x2,x3",5,1,7.878313993477905,8.42628814655053,1.3030131495126627,0.15754331869083565,9.262512505266173,6.570733108814608,8.506433133259904,9.94506145712087,7.846700528291089
var1,"x2,x3",5,10,7.910004493758729,8.376219685005163,1.254971040122153,0.1623169908331365,9.170671225976706,6.555433147841427,8.496557228703526,9.811179603185426,7.847257219318719
var1,"x2,x3",5,100,7.983150386135392,8.316083803231122,1.1807817060175023,0.16786210653592928,9.040170727089329,6.572397517727237,8.482284007366227,9.642914051564778,7.842652712408042
var1,"x2,x3",6,1,7.849072613196492,8.490915471877612,1.3031221835488145,0.1511605848788251,9.380212531688908,6.631085969445986,8.547017585920468,9.978047089625756,7.918214182706942
var1,"x2,x3",6,10,7.896285161141003,8.414417938143753,1.2659208048569341,0.15865495912243976,9.28145405193903,6.594371575267635,8.473240435372023,9.847071451299811,7.875952176840265
var1,"x2,x3",6,100,7.962614558852616,8.341874378433422,1.2027069753653314,0.1653357013192668,9.090000206569925,6.591689315041646,8.416268484620101,9.735050927896028,7.876362958039417
var1,"x2,x4",4,1,9.740097788412646,10.20480799899346,1.487161368469376,-0.018592549254724512,12.397056160179591,8.224117112170305,9.931655172185364,10.378780286335829,10.092431264096204
var1,"x2,x4",4,10,9.747860721963693,10.152399467862594,1.45874638249675,-0.013518736702455292,12.302819280546966,8.202201070489648,9.927820229385603,10.29390816673031,10.035248592160446
var1,"x2,x4",4,100,9.798928149406356,10.085878024399651,1.3739575834813988,-0.007487766545323881,12.087012613576196,8.221528925421815,9.955122870025054,10.246547713904723,9.919177999070467
var1,"x2,x4",5,1,9.621255871517535,10.235894329448692,1.468213749209188,-0.021830912114863255,12.305451048578849,8.190926583524828,10.005419157986733,10.542963602700995,10.13471125445206
var1,"x2,x4",5,10,9.655382746643259,10.130946788686249,1.4514199052458174,-0.011365266854992307,12.226229056168856,8.144419664019463,9.932270322217667,10.328331049996093,10.02348385102916
var1,"x2,x4",5,100,9.749219037862053,10.061157098903655,1.3845503844680203,-0.004895187842626903,12.08039687822642,8.18258447262608,9.927327992733812,10.205421962235231,9.910054188696733
var1,"x2,x4",6,1,9.545221346571486,10.297378017655625,1.4903081117028334,-0.027904143671039484,12.340862852837088,8.172101303188615,10.025909999801069,10.64036680184189,10.307649130609462
var1,"x2,x4",6,10,9.618303452246817,10.142194473635529,1.4702933623617624,-0.012332778218239082,12.230094396305143,8.104343605959162,9.916211134130672,10.415017145535504,10.045306086247159
var1,"x2,x4",6,100,9.720231188135061,10.063414978121154,1.4316469395107096,-0.00469252934526132,12.146321086231541,8.12354029676508,9.89665366085901,10.260683958235257,9.889875888514883
var1,"x2,x5",4,1,8.708809231716181,9.037688539427688,1.1298452393524638,0.09615394559607723,10.590340396783573,7.580708193126971,9.362178811200078,9.262992329383803,8.39222296664401
var1,"x2,x5",4,10,8.717931602723215,9.00254448106718,1.1202779333403152,0.09966620608155019,10.548704629023138,7.540757556131474,9.332962697736765,9.180801589261753,8.409495933182765
var1,"x2,x5",4,100,8.816569593610499,9.001488044365301,1.1026920035713454,0.09965724545614085,10.543564379974038,7.550942156332977,9.309857398844178,9.122929055005322,8.480147231669989
var1,"x2,x5",5,1,8.626510195731202,9.141030705897881,1.0585298102051044,0.08479918022496857,10.627225037804118,7.893108180954798,9.439845134151527,9.363576348779201,8.381398827799774
var1,"x2,x5",5,10,8.651746492670425,9.042544655387834,1.079097654673508,0.09510934740947907,10.564589858798794,7.710855307843334,9.34497189269751,9.217406625919077,8.374899591680458
var1,"x2,x5",5,100,8.756028261078782,8.989965536136753,1.083275380396854,0.10059470168469431,10.527666585278348,7.597395250578623,9.309455673724734,9.057784593785811,8.457525577316241
var1,"x2,x5",6,1,8.537095564511494,9.127391902186805,1.1362781648068745,0.08687925365980158,10.730789191383082,7.794035314044604,9.393918286523618,9.4071964824302,8.311020236552519
var1,"x2,x5",6,10,8.605297418939449,9.038983338922128,1.110206912497757,0.09574157732885225,10.608951768047723,7.678151497259425,9.312448707831587,9.257213508949556,8.338151212522352
var1,"x2,x5",6,100,8.72767077651053,8.989975845953186,1.0986434762766244,0.10075245464120841,10.539424729968237,7.565771085522336,9.310662864590086,9.080579607150359,8.453440942534908
var1,"x2,x6",4,1,7.664749646460687,7.9748726349797066,1.8765742489600978,0.20899740046699908,11.16100816099249,6.2047945710832195,7.540052741411932,7.228318524671176,7.7401891767397215
var1,"x2,x6",4,10,7.6713240740010775,7.951177433754649,1.8479824865885832,0.21118626015970388,11.087113618126855,6.201976032307309,7.547061020240726,7.214637457702565,7.705099040395785
var1,"x2,x6",4,100,7.721562750443408,7.9264245330738685,1.7580946592261062,0.21308796191939808,10.90558105522182,6.235016737117578,7.5953309372056825,7.2746958158008965,7.621498120023371
var1,"x2,x6",5,1,7.611881394974534,8.017371302883163,1.8143508533255701,0.2038463255690206,11.13053167397307,6.416693871409154,7.541304447806286,7.2254649417938,7.7728615794335045
var1,"x2,x6",5,10,7.6418261328327235,7.980691592960477,1.8159003319277969,0.20777579213005798,11.073386463635266,6.305188631542124,7.550580616816123,7.217202530274035,7.757099722534841
var1,"x2,x6",5,100,7.7144016048356265,7.955561320351274,1.7982569889063398,0.21048226716071589,10.99511482756115,6.210889570836715,7.60649318932622,7.278917559506576,7.686391454525705
var1,"x2,x6",6,1,7.558949162700051,8.076095856369383,1.838185945872524,0.19838645085083556,11.190841264387952,6.333928259604374,7.556875295291649,7.379950994841138,7.918883467721807
var1,"x2,x6",6,10,7.615465000213092,8.001700388755122,1.8343347315112404,0.20589681099089577,11.1169918203859,6.275158908896607,7.538413952834991,7.2837493506451185,7.794187911012995
var1,"x2,x6",6,100,7.7041855052850625,7.965598712830709,1.8020944733936017,0.20946574807162194,11.017865051518962,6.23138601855074,7.597500174404035,7.291058378778715,7.690183940901096
var1,"x3,x4",4,1,8.701831338849392,9.29738827883321,0.7192169737265394,0.06615703014397208,10.230106130887256,8.218461061376544,9.25354031196945,9.479198711784548,9.305635178148252
var1,"x3,x4",4,10,8.7091883075726,9.228589170969709,0.7237379394597818,0.07320184050051629,10.194338389922393,8.178149939997947,9.21601050340897,9.441849552579395,9.112597468939843
var1,"x3,x4",4,100,8.764422693023658,9.109450063427593,0.76999984081962,0.08563762030230064,10.143305365456921,8.053812033397975,9.172871232255327,9.391518164420072,8.78574352160767
var1,"x3,x4",5,1,8.648909501774861,9.414608749370695,0.7748766503453034,0.05468245275511072,10.300805168615842,8.209984793709681,9.349901278510748,9.815567097222136,9.396785408795058
var1,"x3,x4",5,10,8.686056256747278,9.2926759560528,0.7414264632792724,0.06687924240094519,10.242077927713908,8.187543055946065,9.30059784598347,9.547112271453631,9.18604867916693
var1,"x3,x4",5,100,8.742187554666696,9.126427211699319,0.7710421032817412,0.08395166051181299,10.167851684594257,8.060274533198344,9.172206700299743,9.393804335282695,8.837998805121561
var1,"x3,x4",6,1,8.598598032904793,9.477621972239174,0.7536458019975674,0.04818144368819297,10.36685598190245,8.306830171767828,9.44301472493898,9.807837562280211,9.463571420306405
var1,"x3,x4",6,10,8.667654644180512,9.363783908437496,0.7264737827946082,0.059515658815360827,10.298448291022982,8.27230086804703,9.326744032277361,9.574645995090671,9.346780355749436
var1,"x3,x4",6,100,8.721739268163471,9.197535552199927,0.7204924340672407,0.07629319215374353,10.154667420866128,8.165328313261906,9.183673518290618,9.455003203988255,9.029005304592728
var1,"x3,x5",4,1,7.490745169023728,7.834969498484277,0.9893395729550464,0.21544069957762346,8.990650400288338,6.764587931708095,8.652078163167308,7.807451377729956,6.960079619527687
var1,"x3,x5",4,10,7.49755662697373,7.811587220422074,0.9863797100954667,0.2177885029311874,8.972190041272091,6.743450076580312,8.636029437871791,7.742876041413052,6.963390504973118
var1,"x3,x5",4,100,7.562278426499168,7.795184486600957,0.9730223552593533,0.2194322087682993,8.970941285453751,6.728321559533349,8.590967937410074,7.677508065889842,7.008183584717766
var1,"x3,x5",5,1,7.439151455174257,7.934012715496131,0.9638117549379193,0.20526902242403286,9.106979203298952,6.913827811686947,8.667332767625492,7.920355902244006,7.061567892625254
var1,"x3,x5",5,10,7.459631716920025,7.860297724806496,0.9554126353405287,0.21262036083891106,9.015046105057886,6.847773240036164,8.623290751048023,7.795462629031728,7.019915898858686
var1,"x3,x5",5,100,7.529911462645589,7.807522529013157,0.9619350083039379,0.21810567375220585,9.026563747275755,6.791186580261498,8.541385730286828,7.659503917624694,7.01897266961701
var1,"x3,x5",6,1,7.391882195955032,7.98684184636322,0.9342268269738658,0.19946814368710303,9.102812284053083,7.049566999150701,8.7344906343391,7.959105781056019,7.088233533217194
var1,"x3,x5",6,10,7.438617176176386,7.889170750728363,0.9456569028662207,0.20950313091754874,9.006256438384758,6.908026425297808,8.66422776687535,7.852521707707112,7.014821415376784
var1,"x3,x5",6,100,7.525630154219764,7.83577512967692,0.964207115078273,0.21526114579085917,9.021470561222007,6.793879195432391,8.59984418589475,7.722022033308929,7.041659672526523
var1,"x3,x6",4,1,5.905658661657098,6.2329596801096585,1.4240506747483315,0.37975521078482444,8.531894215172105,5.424249636716665,6.710509449064064,5.31406414156899,5.184080958026465
var1,"x3,x6",4,10,5.916312008947067,6.218989042564895,1.441459979597487,0.38131072686190415,8.559046992571416,5.399600148860126,6.674267990666917,5.278417276443173,5.183612804282846
var1,"x3,x6",4,100,6.025390257075084,6.266919950939334,1.4817370661222775,0.37689557174153093,8.710902500220346,5.393482871678621,6.646669755422063,5.281768389809602,5.3017762375660356
var1,"x3,x6",5,1,5.821919995876918,6.238303714924325,1.4798953503206167,0.3792089827999532,8.674224170908975,5.540817477438216,6.59841323552512,5.25439120947608,5.123672481273235
var1,"x3,x6",5,10,5.86061752921055,6.21754665118947,1.4534511863619004,0.3813713232653617,8.60398349285796,5.4596363144850715,6.6015548172311735,5.274375885340926,5.148182746032218
var1,"x3,x6",5,100,5.965843864644886,6.232345473701057,1.4563198823220938,0.3802332834452408,8.651050757427672,5.383762708939532,6.561571768327669,5.306011262807549,5.259330871002864
var1,"x3,x6",6,1,5.777811787969486,6.281692779475081,1.4831900972336338,0.3749880509192632,8.700810173762832,5.536386768723981,6.702937844501465,5.333470332917036,5.134858777470091
var1,"x3,x6",6,10,5.83599624091538,6.23946546893467,1.4450825558199136,0.37911819926910245,8.586608186934683,5.470051191724678,6.681726231708043,5.319482895126375,5.1394588391795715
var1,"x3,x6",6,100,5.9582230616424745,6.25550058158695,1.4543650229963054,0.37789958949715513,8.647940541518489,5.392218118965815,6.643520582645435,5.33778117890034,5.256042485904672
var1,"x4,x5",4,1,8.839104438830237,9.188297541245463,0.9277818639944355,0.07885240721556783,10.229774771665053,7.874566120525782,9.763052826254485,9.395135382116226,8.67895860566576
var1,"x4,x5",4,10,8.85531770790921,9.162857727998347,0.8792558239583333,0.08110136882445382,10.228678221442538,7.943252780704791,9.609972135731303,9.352363198616262,8.680022303496845
var1,"x4,x5",4,100,8.992609067138348,9.206540486986682,0.8239184898875245,0.0762422643654694,10.328916247920613,8.13584935023085,9.42261167828912,9.409357177348287,8.735967981144544
var1,"x4,x5",5,1,8.805464092285364,9.279850962230324,0.9654259702045527,0.0699186927602764,10.330314005368985,7.885391237091341,9.901820709276553,9.497738221866811,8.783990637547925
var1,"x4,x5",5,10,8.827515343706587,9.21241197898146,0.915126612232833,0.07641536709438046,10.309211327650699,7.930276386294156,9.7034910421831,9.387479888726286,8.731601250053066
var1,"x4,x5",5,100,8.953476686619359,9.214520456948526,0.8142787667204708,0.07534164735025725,10.303644347172272,8.143753659849107,9.463870756305813,9.413426480262512,8.747907041152926
var1,"x4,x5",6,1,8.76863139549116,9.350887491676938,0.9854894926346143,0.06283187556173994,10.388412020102086,7.917264407881167,10.060361584545447,9.510878001859748,8.877521443996237
var1,"x4,x5",6,10,8.800018397054707,9.253784595539837,0.9447038813307351,0.07239717225756422,10.30896990914521,7.898899092615352,9.858055909971714,9.424922373939676,8.77807569202724
var1,"x4,x5",6,100,8.913375722731072,9.220134866048792,0.835198174889317,0.07498924016453985,10.289872519196091,8.073910379824103,9.554127816918854,9.3974445085638,8.78531910574111
var1,"x4,x6",4,1,7.741110202649985,8.096603984716456,1.2644965310476914,0.19088755037511884,10.290690235853285,7.141046554603162,7.9162946541930825,7.372205058067101,7.762783420865654
var1,"x4,x6",4,10,7.749098860520545,8.062834938226686,1.2781965003688394,0.1943608527920469,10.28855749574738,7.116548912360459,7.848893528091741,7.339776875322461,7.720397879611386
var1,"x4,x6",4,100,7.812181862255757,8.021883640175997,1.286585011575244,0.19863650513015252,10.2714926288734,7.061690850477011,7.752858042300552,7.360824309972057,7.662552369256963
var1,"x4,x6",5,1,7.657282030828209,8.114968078789662,1.1755563238662199,0.18802071560947659,10.167886615994885,7.292570465420802,7.797787927116753,7.414146719139842,7.902448666276024
var1,"x4,x6",5,10,7.688410115711305,8.06723316069557,1.2242877691734473,0.19339093992811973,10.198842204881936,7.170430836109881,7.8030973609129335,7.350984402842963,7.8128109987301455
var1,"x4,x6",5,100,7.775575631541391,8.024729543523911,1.248648579022929,0.19801195741391933,10.206967917312372,7.093329716879559,7.740466589848826,7.369855729441244,7.71302776413756
var1,"x4,x6",6,1,7.5873579380909275,8.148400838441137,1.1486701832673438,0.1845816884885167,10.116116869885499,7.268124623592056,7.971569308454027,7.3888705875622405,7.997322802711861
var1,"x4,x6",6,10,7.67204625581965,8.098511565211771,1.2114818038378738,0.19021177670211875,10.200324125391882,7.182097809713831,7.861297312842583,7.3925520203703625,7.8562865577402
var1,"x4,x6",6,100,7.763944664168209,8.046988064018414,1.2360813684944747,0.1956823461985692,10.206228628983087,7.12021769339641,7.77574851589543,7.4008245744690555,7.731920907348092
var1,"x5,x6",4,1,7.381395559927993,7.84961464995348,1.0925993380203864,0.2121584125839929,9.716637129614782,7.681219793354806,7.694969745851353,6.927444860111646,7.227801720834814
var1,"x5,x6",4,10,7.393932199721083,7.808393604079458,1.0694341527552162,0.2163293673100843,9.64335168905448,7.622619293706674,7.6622665292797425,6.951433956862732,7.162296551493666
var1,"x5,x6",4,100,7.522569089952443,7.810535360709307,1.0640015930976678,0.216999773470403,9.67036866855087,7.4100631822162315,7.685230704613199,7.101763453898485,7.185250794267747
var1,"x5,x6",5,1,7.357496479435055,7.866461302790036,1.0720258816116326,0.21046965881051732,9.710748799355281,7.662378502728471,7.679804262686639,6.9626697370896835,7.316705212090108
var1,"x5,x6",5,10,7.372722268700736,7.80365753996543,1.0488720322206446,0.2167306591076902,9.606227813095817,7.604187359302955,7.65289230084903,6.946888051866094,7.208092174713253
var1,"x5,x6",5,100,7.47055220393459,7.783506008624511,1.0207277256857004,0.21905326344426382,9.553207013842075,7.492382850896481,7.667740621173619,7.0353334189976975,7.1688661382126835
var1,"x5,x6",6,1,7.304141274655637,7.886252267824465,1.0602856080483354,0.2084626274155788,9.712698134581917,7.653117166877232,7.680266296650006,6.966978988873637,7.418200752139528
var1,"x5,x6",6,10,7.348304718177883,7.828833729151922,1.0765089096893115,0.21445486637582656,9.689562799930858,7.594660113354786,7.643189746854053,6.957118035840108,7.25963794977981
var1,"x5,x6",6,100,7.453752788984035,7.815183142797264,1.059793866873947,0.21608642422087604,9.655571212988397,7.515816364415872,7.679148813931464,7.0402192449367815,7.185160077713805
var1,"x1,x2,x3",4,1,7.363091320585286,8.452842658783808,0.9770172000447145,0.1529256338859801,9.304451760836546,7.0812180003524245,8.457346616702287,9.445024009280445,7.976172906747335
var1,"x1,x2,x3",4,10,7.385956279918714,8.300028268507619,0.9641920330283408,0.1682324731116295,9.038502547587793,6.8609007248639085,8.361372074113238,9.288305239555621,7.951060756417533
var1,"x1,x2,x3",4,100,7.537827260235844,8.112700201048005,1.0091185957465971,0.18719112208426025,8.696155057129015,6.546656922500176,8.281142421736527,9.198220219946034,7.841326383928274
var1,"x1,x2,x3",5,1,7.093417475196572,8.535157760949655,0.906782096860987,0.14335912248503851,9.346490775482497,7.48905750080888,8.369355620647266,9.580637639592643,7.890247268216998
var1,"x1,x2,x3",5,10,7.204189897784431,8.354218123771451,0.9520717158616434,0.1625026581461022,9.189260824513985,7.072624878540009,8.249202627424882,9.379282081860206,7.880720206518174
var1,"x1,x2,x3",5,100,7.4331687319650595,8.147462626711249,0.9938976485855335,0.18385725846976606,8.847688797468406,6.624417854443445,8.26421553226181,9.16323692142961,7.837754027952977
var1,"x1,x2,x3",6,1,6.83070528035081,8.99161796978694,1.148387182573691,0.09938878724461182,10.490535866600162,7.9608296441453685,8.793895203500988,9.82858709276338,7.88424204192481
var1,"x1,x2,x3",6,10,7.062929808209844,8.58985150209874,1.159888333151358,0.14075658636862554,10.013154963726482,7.238917247180406,8.296724455185268,9.542921705794972,7.857539138606572
var1,"x1,x2,x3",6,100,7.3386481526612375,8.236365006236454,1.0743339913717065,0.1757085737837502,9.15542030106571,6.665357338543473,8.198542387958545,9.310882906021348,7.85162209759319
var1,"x1,x2,x4",4,1,9.172980774222525,10.856170748738824,1.484207103579451,-0.08569283010153002,12.942320857712081,9.00230480562465,9.961789247514279,11.145165982712879,11.229272850130233
var1,"x1,x2,x4",4,10,9.195408066484408,10.56482406863513,1.498543147864131,-0.0558381144176753,12.520213840491259,8.506652245887219,9.816527210405606,10.970488798073136,11.010238248318426
var1,"x1,x2,x4",4,100,9.32935944687667,10.132437690508615,1.3579966753061006,-0.01291366849778921,11.83530757107306,8.14319690675226,9.664736503217773,10.600902383505362,10.418045087994624
var1,"x1,x2,x4",5,1,8.79279126358075,11.005929088346898,1.6141387085507324,-0.09881089063920671,13.245364119851871,8.789317407991916,10.444170165495786,11.402950034339105,11.147843714055814
var1,"x1,x2,x4",5,10,8.914842262043635,10.607713044463312,1.5484309220916164,-0.0593881217941459,12.625883968715126,8.416617076896722,9.983576315924347,11.07493699186423,10.937550868916126
var1,"x1,x2,x4",5,100,9.180923848967804,10.20985934706459,1.427659634211165,-0.020290445504678113,12.040154732759841,8.17297059503743,9.626057694532246,10.62460967176117,10.585504041232262
var1,"x1,x2,x4",6,1,8.346556320757367,11.317667657669295,1.8983228220191402,-0.1293094581253839,14.337761751944418,9.406052581006168,10.045977095645569,11.465461484457327,11.333085375292992
var1,"x1,x2,x4",6,10,8.67982876470824,10.77176369423487,1.5400429386628744,-0.07646935710753384,12.972778025428806,8.855075425096508,9.889319453680503,11.145624150834402,10.996021416134136
var1,"x1,x2,x4",6,100,9.077353736754599,10.319997154962904,1.4676939768855954,-0.031156006385916667,12.145914380279532,8.213001355285797,9.685198761977082,10.879702814544999,10.676168462727114
var1,"x1,x2,x5",4,1,5.8864169949402525,6.599643464240846,0.909828367526113,0.33973139658076057,7.904931406280136,5.802856161550068,7.0790036708933615,6.462632698029952,5.748793384450712
var1,"x1,x2,x5",4,10,5.895633891384369,6.519659352866988,0.9120483537163401,0.34797460157417615,7.823290552869781,5.676651653562502,6.996708702997067,6.404391337601052,5.697254517304538
var1,"x1,x2,x5",4,100,6.0216722442517465,6.417021136168533,0.8757731634373753,0.3584327041509992,7.581890545722534,5.4385033208229565,6.8688443512354835,6.513697437050456,5.682170026011233
var1,"x1,x2,x5",5,1,5.660504395181553,6.725121152034935,1.0843994341574463,0.3277170511283328,8.410048456794808,6.065889821938183,7.129751363473678,6.3588709814762385,5.6610451364917695
var1,"x1,x2,x5",5,10,5.726219223826187,6.5543543102487005,0.9265135252472863,0.34404701212386035,7.941153855531141,5.896619092811742,6.981963115628936,6.312235675794722,5.639799811476967
var1,"x1,x2,x5",5,100,5.916262378707239,6.426203446616583,0.8733003915906312,0.35733429474314843,7.64420002038909,5.532664430540159,6.872540585468312,6.4098640851181585,5.671748111567195
var1,"x1,x2,x5",6,1,5.451869333128872,6.888642618723447,1.0564946337582868,0.31157598787169355,8.552504146038254,6.098179022811874,7.113207810424408,6.7969709799416504,5.882351134401047
var1,"x1,x2,x5",6,10,5.616824259344693,6.633789431449088,0.9134081832470383,0.3362225667641946,7.965459239755998,5.883374988198244,7.0297101995904665,6.573337949133915,5.717064780566816
var1,"x1,x2,x5",6,100,5.872362633150942,6.48761429045495,0.8891829830966631,0.3512766874906421,7.681663903465288,5.537983040197693,7.001655639210128,6.484657237796384,5.732111631605257
var1,"x1,x2,x6",4,1,6.2036185547101725,7.080528101840275,1.8146605604310577,0.2976604633186033,10.117706377757404,5.6399056076854555,6.922161643425153,5.723917735292607,6.998949145040757
var1,"x1,x2,x6",4,10,6.214170668443356,6.998379719148841,1.7551090490926127,0.30553940463244794,9.952424537330849,5.615302275254199,6.81191874532756,5.719121232753555,6.893131805078044
var1,"x1,x2,x6",4,100,6.342798101692322,6.870703878202906,1.579422677859064,0.3175434929559426,9.558735488419304,5.549060206738815,6.633653784839777,5.910969569641152,6.701100341375482
var1,"x1,x2,x6",5,1,5.953308182716194,7.26286913460701,1.7223143577812376,0.2776345544905984,10.187762684689956,6.145174485065766,6.915258386301199,5.871564907495056,7.1945852094830745
var1,"x1,x2,x6",5,10,6.028307760896757,7.08797472886648,1.7475959832120291,0.29579957279149777,10.039742894466086,5.863170278676688,6.788237222187348,5.7054237577492275,7.043299491253054
var1,"x1,x2,x6",5,100,6.260217675987285,6.9503280371785765,1.672318594146684,0.31000279269379916,9.778707301828362,5.573720116334834,6.669939380680714,5.851249515008588,6.87802387204039
var1,"x1,x2,x6",6,1,5.666679205406814,7.4426135214425315,1.6518019659842826,0.2590483423725963,10.188775844007075,6.253175337981924,7.062774760601691,6.105565073533652,7.602776591088312
var1,"x1,x2,x6",6,10,5.897625454484183,7.14106880896874,1.7239594122334485,0.2905127219060752,10.012910660884746,5.8115871204767116,6.854710319112693,5.805121734485237,7.221014209884315
var1,"x1,x2,x6",6,100,6.206032770808509,6.994330293268635,1.6660319422617476,0.3056119883931202,9.81760204181337,5.608357629803729,6.737797281067216,5.930685862479821,6.877208651179039
var1,"x1,x3,x4",4,1,8.101642729646771,9.252151273229325,0.697783431229401,0.07015338150199682,10.104699641926606,8.280780813639002,8.98603598896719,9.70181817322916,9.187421748384669
var1,"x1,x3,x4",4,10,8.123820848008279,9.106392262542627,0.7030479754428887,0.08494594235292816,9.9723498800553,8.156658470122485,8.875114118875363,9.597168397627325,8.930670446032666
var1,"x1,x3,x4",4,100,8.279967117368006,8.899203549974159,0.7304637320541691,0.10615595558073385,9.800802903190748,7.9459703213878985,8.760254612478656,9.427684500413488,8.561305412400012
var1,"x1,x3,x4",5,1,7.857519587083141,9.574442243308862,0.6095410565014519,0.036781552017457295,10.172664951130088,8.628272234937622,9.540536772895232,10.047324081902659,9.483413175678715
var1,"x1,x3,x4",5,10,7.9688387149208495,9.2586242866806,0.6654682535728642,0.06924890008535753,10.034547129821865,8.31562505776478,9.091227636269418,9.739014470944314,9.11270713860263
var1,"x1,x3,x4",5,100,8.194943984767416,8.940944930857404,0.7026504744012811,0.10172188140719474,9.802675669764415,8.00298536174323,8.803180787179024,9.442052621215963,8.653830214384381
var1,"x1,x3,x4",6,1,7.637419685072203,10.288587738238594,0.7911672380025506,-0.03569416923695794,10.32070733837929,8.95854805018304,11.009032836258204,10.732188612008464,10.422461854363963
var1,"x1,x3,x4",6,10,7.841342401513837,9.578029513404578,0.6600579552612539,0.03655401258111805,10.110687755632387,8.510714365029683,9.471276062509885,10.125361770970283,9.672107612880648
var1,"x1,x3,x4",6,100,8.09453333313842,9.07701175689039,0.6978700847109229,0.08764478144520929,9.828062023626078,8.099528481667813,8.80981787613551,9.666837038938215,8.980813364084336
var1,"x1,x3,x5",4,1,5.476549191292598,6.114003988222395,0.6709962885935665,0.3847582602726701,6.830674058282139,5.992944694733919,6.606354874325812,6.038228801123911,5.101817512646197
var1,"x1,x3,x5",4,10,5.488945255578125,6.045388470807316,0.645086734619197,0.39175626409344744,6.746054648802305,5.8836603731528125,6.544610028222427,5.950188723441026,5.102428580418012
var1,"x1,x3,x5",4,100,5.594805871600355,5.955655729133949,0.5791134683256797,0.40080805604419983,6.597415887055351,5.729868158692293,6.425214774091967,5.877639605716658,5.148140220113475
var1,"x1,x3,x5",5,1,5.242066572394361,6.197841127180285,0.6765305990006962,0.3749878713579059,6.701362927594856,6.277721944581952,6.792911520730454,6.119658123841023,5.09755111915314
var1,"x1,x3,x5",5,10,5.316617978807534,6.074627008754815,0.6436832698812268,0.38774122373848463,6.645054304792561,6.106320845262656,6.623857504603059,5.927005738214521,5.070896650901275
var1,"x1,x3,x5",5,100,5.504902360029345,5.969755025517709,0.5873886411394935,0.39882873920391687,6.580012056438714,5.871772548753125,6.47578169025748,5.794936423052913,5.12627240908631
var1,"x1,x3,x5",6,1,5.048839488375878,6.283961880333988,0.783126792757781,0.36573080729047885,6.7818088835892185,6.547790273285544,6.903982694295462,6.224273507893116,4.961954042606598
var1,"x1,x3,x5",6,10,5.207511888740976,6.119942985704034,0.7026506615028182,0.38304002111485136,6.704885437011714,6.218447296323508,6.699560088346476,5.983077551790904,4.993744555047567
var1,"x1,x3,x5",6,100,5.455089337293615,6.0146125764242475,0.5990525551628426,0.3942948608574094,6.614815630715173,5.915334328043574,6.540995871371552,5.861926418032612,5.1399906339583294
var1,"x1,x3,x6",4,1,5.057247293613825,5.685998020932688,1.4715734255431696,0.43406738908507886,8.22702576769585,5.279911050634768,5.5568001935839995,4.605055161615287,4.761197931133535
var1,"x1,x3,x6",4,10,5.077665244013055,5.642697930176462,1.4330294502167111,0.43841881022508866,8.113904514941122,5.180308048886869,5.564352049394214,4.567620909726921,4.787304127933186
var1,"x1,x3,x6",4,100,5.228809424045572,5.629492124306075,1.4105905732583912,0.44020722501104537,8.05503482464311,4.997892706604526,5.642933557029951,4.578511920740295,4.873087612512488
var1,"x1,x3,x6",5,1,4.8334617461217375,5.750621821914284,1.5271446392827506,0.42809709844481497,8.4097533937808,5.282386054421313,5.555187990948218,4.684593980380173,4.821187690040916
var1,"x1,x3,x6",5,10,4.888604491785797,5.639164968328379,1.503920631555406,0.43937814032807865,8.273310994183458,5.134482313517189,5.39467317855113,4.6035555230289,4.789802832361221
var1,"x1,x3,x6",5,100,5.065636887322294,5.557846079141465,1.4078603214706495,0.4474240930306318,8.022945143268041,4.963336519830454,5.393699867054703,4.617419523443148,4.791829342110977
var1,"x1,x3,x6",6,1,4.643644813362891,5.936382553004752,1.590419976169158,0.4102792814687593,8.716994284905649,5.311118603402256,5.762768980469933,4.920926014495369,4.970104881750553
var1,"x1,x3,x6",6,10,4.792083878555019,5.724113528284045,1.5800853740524754,0.43125358084992244,8.487667173435858,5.208400939952595,5.484638857923265,4.651464851385297,4.788395818723211
var1,"x1,x3,x6",6,100,5.011235580608718,5.605876375039566,1.4429553245314863,0.44263126624347554,8.126742912675553,5.0530576912558365,5.448038606285031,4.651982812725902,4.749559852255507
var1,"x1,x4,x5",4,1,5.8728433515398,6.760502015706146,1.0548220684958758,0.32502623987986246,8.14553835143698,5.637217425561852,7.377333531726985,6.823240797351964,5.819179972452948
var1,"x1,x4,x5",4,10,5.888169515701517,6.652964280020171,1.007407250551263,0.3356154059476492,8.02501607401734,5.580725113135901,7.1542340659301,6.729453786853334,5.775392360164181
var1,"x1,x4,x5",4,100,6.058788622357676,6.532290921728189,0.9060089852968195,0.3471188437316475,7.897329117492336,5.597271422207757,6.746896343092726,6.592073597247667,5.827884128600457
var1,"x1,x4,x5",5,1,5.6112089806566114,6.971270341916551,1.170524887104827,0.3043748411863915,8.642231315698293,5.930059827523446,7.343954913219197,7.163937668989712,5.776167984152106
var1,"x1,x4,x5",5,10,5.702926479428791,6.769225694841024,1.0929970888050893,0.3245320838876745,8.316303841665261,5.670072688849251,7.189637695959564,6.893282649461325,5.7768315982697205
var1,"x1,x4,x5",5,100,5.924411078265664,6.55452371588496,0.95416064895364,0.3453536216063625,7.986912349319146,5.545108568199486,6.78830011839049,6.613913148827713,5.838384394687965
var1,"x1,x4,x5",6,1,5.444533156161744,7.309315305097009,1.2985270801162894,0.2713755450250276,9.251705810725294,6.1605485340631345,7.581335757024448,7.487250008565505,6.065736415106665
var1,"x1,x4,x5",6,10,5.612076152023155,6.926849157811141,1.1853086487932478,0.30953123508406943,8.604728301904519,5.682135833263677,7.378566448345947,7.05872420504935,5.91009100049221
var1,"x1,x4,x5",6,100,5.83861166023867,6.624285533386713,0.993086926443949,0.3387302531653524,8.0043290735487,5.46959269147887,7.040337492147481,6.708709448105317,5.898458961653195
var1,"x1,x4,x6",4,1,6.539954679636482,7.38271498894197,1.6731990654711915,0.26386499691878373,10.210065230323798,6.577347268677448,6.671174118696894,5.955828812369356,7.4991595146423595
var1,"x1,x4,x6",4,10,6.555143423735023,7.310069427079355,1.671244289526413,0.27122566821460914,10.13691767827421,6.499689878828013,6.570355752086478,5.90938756708434,7.433996259123734
var1,"x1,x4,x6",4,100,6.677250609552329,7.180370519994957,1.6310367970723672,0.28436426873922027,9.983036790868804,6.378853864740778,6.479954247316877,5.894700618042714,7.1653070790056175
var1,"x1,x4,x6",5,1,6.226487106348495,7.624361535614952,1.4812012774608623,0.23748185660386426,10.133592841688994,7.100967789656832,6.781582731692725,6.403956836550923,7.701707478485284
var1,"x1,x4,x6",5,10,6.292229672884027,7.44217887662911,1.5574982275605094,0.25665592835365353,10.054879567123034,6.779397323122393,6.650491501249229,6.108013552905841,7.618112438745054
var1,"x1,x4,x6",5,100,6.51620457317004,7.227313824941445,1.6281964632470722,0.2793125419126551,9.975960030928025,6.427868871979489,6.461292645592474,5.886330465929747,7.3851171102774895
var1,"x1,x4,x6",6,1,5.9311897188945775,7.96800139435481,1.4466877292172629,0.1995042175818322,10.298812407285382,8.203331918950328,6.930948987843894,6.638201740182862,7.768711917511588
var1,"x1,x4,x6",6,10,6.154187137710323,7.576316817898009,1.5059017330827653,0.2422741264379627,10.119920734094439,7.092641246871298,6.676378084919366,6.331333476187733,7.661310547417207
var1,"x1,x4,x6",6,100,6.459395153848163,7.294035390148798,1.5974850670763565,0.2724440203981288,10.009832238365517,6.508275167138035,6.467440199619324,6.063046169054085,7.421583176567033
var1,"x1,x5,x6",4,1,4.500712137634902,5.020672952462674,0.7093601999959223,0.4929841242031179,5.7985668300060444,5.524885276898297,5.204610958235452,4.437555186435738,4.137746510737841
var1,"x1,x5,x6",4,10,4.5128112619791905,4.969886474862994,0.7010671233972411,0.4985868267626872,5.801136095483503,5.386118962562281,5.1569209977720565,4.390203838494446,4.1150524800026815
var1,"x1,x5,x6",4,100,4.634203876589565,4.955616441385741,0.7017095226162278,0.5010993363997465,5.950958440072884,5.193086591129868,5.058705289804172,4.386519882667196,4.188812003254587
var1,"x1,x5,x6",5,1,4.369847112928275,5.1637588464432955,0.8153006840066782,0.47736279334467413,5.942397675287585,5.973753023677086,5.229333433925968,4.446177697115005,4.227132402210834
var1,"x1,x5,x6",5,10,4.413985386287274,5.054829863151752,0.7477139226236718,0.4892738683451004,5.874566520518308,5.647042822747411,5.181427147846856,4.369311730380266,4.201801094265913
var1,"x1,x5,x6",5,100,4.5586642236716575,4.968732342836857,0.725714163853163,0.498978917766946,5.893861856593823,5.363318864311831,5.1120190079011065,4.283929661793197,4.190532323584324
var1,"x1,x5,x6",6,1,4.233829335000856,5.381378730797438,0.7674825165836746,0.45496676311978596,6.051955397117833,6.1942748968597225,5.46637459229931,4.661847909701556,4.532440858008772
var1,"x1,x5,x6",6,10,4.3347831362605245,5.142498428078393,0.6876160569299438,0.47994812699995115,5.826021661509349,5.747098142015291,5.283051355107011,4.523570238604026,4.332750743156284
var1,"x1,x5,x6",6,100,4.520453581891505,4.996538517173956,0.6943145349661078,0.49622577827073366,5.894160777475361,5.353994628266518,5.131570023308238,4.373434453543827,4.2295327032758365
var1,"x2,x3,x4",4,1,7.52722178034202,8.56054657207869,1.0222847944535969,0.14089009709006356,9.104722572990818,7.101467498671921,8.02370819914509,9.740979441600496,8.831855147985129
var1,"x2,x3,x4",4,10,7.544127989617995,8.441582393583522,1.0411055632977637,0.15331219496664278,9.018512699220262,6.908744757385887,7.969600748572505,9.608827688066837,8.702226074672117
var1,"x2,x3,x4",4,100,7.667018117196662,8.273037867152569,1.0558223201492436,0.17072632829195833,8.84494332409307,6.671863188482635,7.963335824590521,9.479119019752483,8.405927978844133
var1,"x2,x3,x4",5,1,7.354822129141968,8.872319307168567,1.0774085889689413,0.10941462313541148,9.237020065020797,7.292799045674411,8.543977782013542,10.242592160564152,9.04520748256994
var1,"x2,x3,x4",5,10,7.423325895028627,8.595859928517479,1.0799683222555703,0.13792370078035687,9.113799623974089,6.982065651199614,8.231126442894297,9.870692089342949,8.781615835176448
var1,"x2,x3,x4",5,100,7.589365778928444,8.319586911936279,1.05203977690176,0.1661826520869798,8.945935870026407,6.721155992226128,8.017207742529981,9.493612408968314,8.420022545930568
var1,"x2,x3,x4",6,1,7.069159938531816,9.038778200986206,0.8188494050865598,0.09094042958418347,9.258535241063255,7.816856661526339,8.979725898704075,10.105154398121446,9.033618805515918
var1,"x2,x3,x4",6,10,7.27598379348583,8.717590824005182,0.9394650556545531,0.12442618770629713,9.13665467468428,7.349269548857082,8.37273701248266,9.87756682731126,8.85172605669064
var1,"x2,x3,x4",6,100,7.498106105518632,8.38908418714795,1.0272913740236589,0.15846638685740227,8.969111665810942,6.92281193985186,7.9088072785583865,9.606464597248067,8.538225454270485
var1,"x2,x3,x5",4,1,6.054160034641022,6.824437488007258,0.9970817169516523,0.31726816964380655,7.644041510582845,5.642372975086232,7.702066626169609,7.275629667162136,5.858076661035471
var1,"x2,x3,x5",4,10,6.069060545731092,6.73654365091515,1.0410555684201432,0.326851481130424,7.614821620986342,5.400191927905758,7.628893079000719,7.185511466760959,5.853300159921976
var1,"x2,x3,x5",4,100,6.199046445583262,6.647269563675115,1.087002381153671,0.33681961641843594,7.628514268428975,5.1084329847184575,7.433062836219726,7.146328106835895,5.920009622172522
var1,"x2,x3,x5",5,1,5.860712759844823,7.042998455617943,0.915272492901677,0.29388243296345773,7.723165829364705,6.109478553226703,7.846762275956962,7.548592177944494,5.986993441596849
var1,"x2,x3,x5",5,10,5.913544855000234,6.813656338894942,0.9891229618968201,0.31838074912524766,7.634827704874749,5.622452347722637,7.643896872575047,7.299433859070433,5.867670910231842
var1,"x2,x3,x5",5,100,6.09823750075436,6.647221019161359,1.0750938709788893,0.3367677021163657,7.674886647614452,5.160358696919252,7.430312569269782,7.072966028264593,5.897581153738713
var1,"x2,x3,x5",6,1,5.674387271690356,7.363122942960546,0.9305382026469144,0.26177805571876844,7.919692080374709,6.225859438678851,8.328521990942349,7.824404190803125,6.517137014003689
var1,"x2,x3,x5",6,10,5.801872256417833,6.965359895638637,0.938430397488125,0.3026164757813326,7.711225837817295,5.812675583517491,7.7692218380406715,7.442335516860789,6.091340701956946
var1,"x2,x3,x5",6,100,6.0186831000291665,6.70034782487549,1.0296271474925212,0.33076756900881465,7.63207734903435,5.31630214737116,7.48278544426929,7.1638279371394615,5.906746246563193
var1,"x2,x3,x6",4,1,4.201710595874351,4.9027602294743335,1.5336292995438983,0.5173007024176466,7.50479151866106,3.4256973914177875,4.630703193667776,4.571304217278119,4.381304826346925
var1,"x2,x3,x6",4,10,4.226530833185681,4.86074206154341,1.5386730558549009,0.5216777814802415,7.45385917141316,3.366716134131545,4.707776146954297,4.53382009905497,4.2415387561630755
var1,"x2,x3,x6",4,100,4.402378699157961,4.858667048949106,1.5208837567433755,0.5218968282242731,7.3729741241973645,3.3257838858503774,4.875104455438029,4.563138641090912,4.156334138168845
var1,"x2,x3,x6",5,1,4.020917291412669,4.937417985405326,1.5252641764051704,0.5133269086501965,7.571691238487101,3.636170001209517,4.596649887756842,4.621110560545003,4.261468239028169
var1,"x2,x3,x6",5,10,4.085874059843491,4.863634892080341,1.5145456191105875,0.5207919909447666,7.466070249219523,3.547117323713016,4.601484879313935,4.547624145132412,4.155877863022825
var1,"x2,x3,x6",5,100,4.273242280475346,4.814642812103722,1.50169898633286,0.5260073093359422,7.338576159155551,3.3739066296202083,4.716630359689278,4.521472364271578,4.122628547781991
var1,"x2,x3,x6",6,1,3.8817085094055344,5.046243103982387,1.6356303004511772,0.503038814722656,7.8832809554506325,3.7351019624598307,4.662350159400029,4.733902159990034,4.2165802826114085
var1,"x2,x3,x6",6,10,3.993550737163332,4.90875058133345,1.5652086219802914,0.5165681220243269,7.6062488860779025,3.579913320072978,4.550015997710956,4.647241989499172,4.160332713306242
var1,"x2,x3,x6",6,100,4.207197494843025,4.847117938885775,1.4939719869562822,0.5226688513123483,7.363228247094892,3.406965367035428,4.669981027806259,4.607041893601849,4.188373158890444
var1,"x2,x4,x5",4,1,7.990584082524383,8.892392624074054,0.785274120117488,0.10766666596239974,9.707352568263463,7.590395445922892,9.121564275575885,9.125003853751005,8.917646976857025
var1,"x2,x4,x5",4,10,8.006987806035408,8.788775856015144,0.7697541654568608,0.11803788171847693,9.640432043754393,7.531041436958963,8.929718441454288,8.984027417721874,8.858659940186199
var1,"x2,x4,x5",4,100,8.16075696809998,8.68499249139849,0.7542125081910434,0.1284144399284351,9.625264065707839,7.5204007401732325,8.667330447154391,8.85780929100218,8.7541579129548
var1,"x2,x4,x5",5,1,7.669570432677064,9.029817592068008,0.7263546235947257,0.09293787382943919,9.7061892180035,7.8086570639618795,9.03624602410781,9.390363089833334,9.207632564433515
var1,"x2,x4,x5",5,10,7.730936471712624,8.768001475609262,0.7394502221324746,0.11977345744781143,9.601476736131684,7.578299113009578,8.750658021537138,9.013928646445528,8.895644860922385
var1,"x2,x4,x5",5,100,7.966304152393681,8.600906970174446,0.6759348051491866,0.13611388753671663,9.485389309901262,7.597262119257117,8.492642588854606,8.727976598626622,8.701264234232628
var1,"x2,x4,x5",6,1,7.392953270585434,9.286808246509034,0.8123158530693615,0.06767332591216568,9.927463001297557,7.894421092667199,9.673857203035611,9.661430723699016,9.276869211845796
var1,"x2,x4,x5",6,10,7.580182340494753,8.853138473674102,0.7771511675834045,0.11146554994992801,9.604594824069965,7.557345160829098,9.026464127036572,9.229984551406405,8.847303705028466
var1,"x2,x4,x5",6,100,7.865354666755077,8.616901141713459,0.7203570875021332,0.13490056260532318,9.442452903820463,7.46319841944094,8.60282982726429,8.834571951752006,8.741452606289588
var1,"x2,x4,x6",4,1,6.810094474732322,7.711777075012438,1.4577603399152763,0.23175275270045176,10.046124247008002,6.212305362735564,7.198263723003768,7.057468664556174,8.044723377758682
var1,"x2,x4,x6",4,10,6.822930884743651,7.624933664609975,1.4367312903347436,0.24047018622398503,9.932052564989723,6.1333505856343695,7.155027013988942,6.989178759962277,7.915059398474559
var1,"x2,x4,x6",4,100,6.924629571582922,7.464371380514068,1.403681225450706,0.2567172750235155,9.761146638577618,6.004101598691728,7.075603837739491,6.907077251167486,7.5739275763940155
var1,"x2,x4,x6",5,1,6.5762807117122195,7.95058724142171,1.4161581096102631,0.20591129351794618,10.172565174058736,6.747558346323119,7.109286591032709,7.185751046837299,8.537775048856682
var1,"x2,x4,x6",5,10,6.648308257451532,7.775297777147206,1.4584951533641612,0.22438122529813284,10.072118754426878,6.443924440994927,7.067928204656397,6.965370708414895,8.327146777242932
var1,"x2,x4,x6",5,100,6.826620128686699,7.529991873156038,1.3931723150841981,0.2494944685627965,9.787922332891558,6.153488645130584,7.002452781573027,6.88948044051573,7.81661516566929
var1,"x2,x4,x6",6,1,6.267686040531648,8.149406922612172,1.4360858623186525,0.1861254874274187,10.348941799482159,6.831638140619402,7.194248881542916,7.569709309538744,8.802496481877643
var1,"x2,x4,x6",6,10,6.495032121668632,7.841431386137875,1.5004245392322857,0.21807888491986288,10.218917545013506,6.470442522777441,7.048389570840428,7.093865386095041,8.375541905962956
var1,"x2,x4,x6",6,100,6.763837090660556,7.6119358991124955,1.466167960241483,0.24178006333759167,9.988139528399145,6.166435152973765,7.04879471015614,6.939228136509729,7.917081967523697
var1,"x2,x5,x6",4,1,6.46469393928413,7.197276659276899,1.0386000226202627,0.2786470226946808,9.044510984446946,6.8675282756692155,6.81620106950771,6.591531302109797,6.666611664650828
var1,"x2,x5,x6",4,10,6.4800153932524625,7.125376724436203,1.058808238795134,0.2864745809674982,9.0112626813904,6.681884884956489,6.800496939874369,6.543352894165304,6.589886221794453
var1,"x2,x5,x6",4,100,6.63228323773024,7.07446143319963,1.1152547287097494,0.29271480824414003,9.045721156796073,6.4135038865364695,6.868635435874287,6.513723154054388,6.530723532736937
var1,"x2,x5,x6",5,1,6.307181818681021,7.537508425595308,0.9577899816230826,0.24191237138577293,9.093124238930445,7.465790368612194,6.881584926007991,6.6380543905390805,7.608988203886833
var1,"x2,x5,x6",5,10,6.3652004781440805,7.248079516378572,0.9466399225634604,0.27252887407125215,8.91390330217781,6.988674879116732,6.812803433125128,6.560983511873561,6.964032455599626
var1,"x2,x5,x6",5,100,6.546686120346152,7.094720101466753,1.0608026713992225,0.2899874070089491,8.974925422615375,6.525016520192901,6.852942663120466,6.4831152670133765,6.6376006343916485
var1,"x2,x5,x6",6,1,6.069929273640332,7.866620837829378,0.9767594365081893,0.20808793776672654,9.291166314742993,7.763474173780546,7.203131879981136,6.789459170415199,8.285872650227011
var1,"x2,x5,x6",6,10,6.240810479418685,7.414581127777192,0.9768825549403354,0.25562967925513674,9.109603437558553,7.166268178414891,6.929441561384442,6.629847616819312,7.237744844708759
var1,"x2,x5,x6",6,100,6.482725343346798,7.155011460036386,1.066012629564541,0.2839946043577914,9.04436930346788,6.556273381663582,6.895868215907159,6.543763433205676,6.73478296593763
var1,"x3,x4,x5",4,1,6.725805491073456,7.578304783733886,0.8774947958211685,0.24039785701682986,8.419941648044944,6.322404032100564,8.312975837689017,7.099293089072987,7.736909311761916
var1,"x3,x4,x5",4,10,6.740538976197077,7.487803611569319,0.8564678717490881,0.24967037464783787,8.442691071194853,6.303559438115689,8.1239368333255,7.027019263111117,7.541811452099435
var1,"x3,x4,x5",4,100,6.865434397283468,7.365945042810718,0.8469503931510621,0.262284751822573,8.49447929213132,6.28631514700943,7.878142258942615,7.013470214398677,7.157318301571547
var1,"x3,x4,x5",5,1,6.53327116696417,7.765808130442028,0.8133599584021145,0.2211519438695654,8.512484096844185,6.502824173495052,8.367986936494018,7.470624828263745,7.97512061711314
var1,"x3,x4,x5",5,10,6.5947072512199485,7.54660252270276,0.7964068732095997,0.24338688723642096,8.415980847691667,6.379827826137388,8.09120005427059,7.207673022057852,7.638330863356299
var1,"x3,x4,x5",5,100,6.772498480458255,7.359417447789889,0.8273846212647508,0.2628408703630806,8.484284251419272,6.287323806059212,7.788646344170731,7.010827604422627,7.226005232877602
var1,"x3,x4,x5",6,1,6.28208226816168,8.125662475887642,0.968633680032379,0.18640041980771185,8.916063578964195,6.504790110079936,8.827067288408083,8.209507731916025,8.170883670069975
var1,"x3,x4,x5",6,10,6.426403331050747,7.696432856907807,0.9037428247821007,0.22886318986927381,8.498184594713232,6.307363719239164,8.451255932875275,7.3772033710682265,7.8481566666431375
var1,"x3,x4,x5",6,100,6.654142437002117,7.416319300613495,0.8323907842363424,0.25682025101739986,8.376915869671345,6.25324152731377,7.973486240039728,6.991321419206147,7.486631446836483
var1,"x3,x4,x6",4,1,5.238934226850269,5.981428227148784,1.2513715449484684,0.4045229349058804,8.130870966386233,5.145017581550317,6.032725897497537,5.226096367421745,5.37243032288809
var1,"x3,x4,x6",4,10,5.25720723480263,5.919482192319602,1.2936270791062223,0.4110398191863175,8.1369911684701,5.070960488047502,5.989372554253135,5.109269337204974,5.2908174136223
var1,"x3,x4,x6",4,100,5.439870703000862,5.904090452540087,1.403850644554215,0.4132877611440803,8.297232823836643,4.992998262970983,5.996399697081375,4.919246448872486,5.314575029938949
var1,"x3,x4,x6",5,1,5.026930345047582,6.064775964861642,1.122085575361173,0.3947182587677454,8.042594040510325,5.43431441089637,5.881679291943802,5.393811494872724,5.5714805860849905
var1,"x3,x4,x6",5,10,5.105120494039795,5.951452078150622,1.1981529665387713,0.406915834713533,8.02929138380805,5.1937514631419575,5.882863935009534,5.148388898830363,5.502964709963207
var1,"x3,x4,x6",5,100,5.308442480589058,5.839197421554635,1.3153672215824654,0.4191615432989638,8.08299383582535,4.979044148529984,5.895655058905801,4.888772209855977,5.349521854656056
var1,"x3,x4,x6",6,1,4.732135569136106,6.082230363383424,1.1649661296673421,0.39378439148797095,8.12311301956079,5.28583516938655,5.937494795865774,5.490752058128358,5.573956773975647
var1,"x3,x4,x6",6,10,4.94296416680141,5.984902445017969,1.223262759949778,0.4040058501530345,8.104397216321837,5.141540774438388,5.9292744437526155,5.244152188210625,5.505147602366381
var1,"x3,x4,x6",6,100,5.229307363592147,5.900965973265828,1.27275930198179,0.41276603432565573,8.085834683966002,5.039986248820772,5.923632675345239,5.057971153008404,5.397405105188726
var1,"x3,x5,x6",4,1,4.898587316242437,5.535109811143885,1.0548937448758906,0.4465507051265236,7.100129253832594,5.1752023591706156,6.087226809496569,4.765178300680202,4.547812332539443
var1,"x3,x5,x6",4,10,4.921022101708958,5.478310590057752,1.0622579516602066,0.45236941231947814,7.03435908433371,5.087038033424388,6.082204810298363,4.666091391527981,4.5218596307043155
var1,"x3,x5,x6",4,100,5.1181037170147405,5.500507402791235,1.121645048021056,0.45037958700468295,7.155054055111461,5.0931081413694885,6.118097755820942,4.501766845904185,4.6345102157500975
var1,"x3,x5,x6",5,1,4.627616780771578,5.6018257110353336,1.1611142134319041,0.43850267673813803,7.249577213470774,5.674185521135209,6.085081607196437,4.575885493476439,4.424398719897813
var1,"x3,x5,x6",5,10,4.689274584533896,5.435394119895801,1.0765391223409182,0.4559036570597554,7.02164925034767,5.288603686202398,5.920771908785066,4.54330161298103,4.40264414116284
var1,"x3,x5,x6",5,100,4.9242463520496695,5.357300334530749,1.0442531875116847,0.4641360086594357,6.907665745274767,5.060502863919987,5.885591289597018,4.424327226795519,4.508414547066454
var1,"x3,x5,x6",6,1,4.467852984424273,5.859758875291585,1.1571648480269419,0.41115235068656936,7.348267559732788,6.184006946426466,6.367494235281866,4.905898381148401,4.493127253868405
var1,"x3,x5,x6",6,10,4.587110991851645,5.525923303797735,1.0573450156461883,0.44606989514476536,7.008408937213576,5.506856521099759,6.03899120564193,4.706940258857339,4.368419596176077
var1,"x3,x5,x6",6,100,4.8531237146454504,5.403677800173087,1.0322117554896124,0.4595523459122969,6.914733054283559,5.062248097181936,5.981571775224871,4.55346072224133,4.506375351933736
var1,"x4,x5,x6",4,1,6.766953655214903,7.70787209647505,0.9515587262784884,0.2244265452831707,9.128187550696198,7.787528735313944,7.947109673664047,6.718778534406775,6.95775598829429
var1,"x4,x5,x6",4,10,6.786676678140324,7.607067470357395,0.9114388502912779,0.2344297053942353,8.997810351056646,7.702463092859472,7.75044209839024,6.66700284459038,6.917618964890235
var1,"x4,x5,x6",4,100,6.972208072869333,7.527282798048342,0.8708160625431145,0.24290628424087374,8.964540455950578,7.532337870945085,7.463103355560304,6.755141942616698,6.921290365169041
var1,"x4,x5,x6",5,1,6.560769248275234,8.037733452919477,1.1699088414436951,0.19162799285672288,9.857859958229241,8.214948282376653,7.963953784542932,6.705147403759892,7.446757835688663
var1,"x4,x5,x6",5,10,6.621084161980397,7.725055100586348,0.9456941917322423,0.22210020785809795,9.147455724331797,7.909511485802047,7.763049936150766,6.614627510032418,7.190630846614714
var1,"x4,x5,x6",5,100,6.845566925611277,7.534536245329083,0.8172470407298347,0.24095205260071575,8.79803233340419,7.723254421918654,7.496672535010998,6.689690016751753,6.965031919559818
var1,"x4,x5,x6",6,1,6.261161209598143,8.372595169191168,1.413006791704655,0.1572596240998299,10.483392413611673,8.89315840563516,8.04890899560939,6.722548085072153,7.714967946027461
var1,"x4,x5,x6",6,10,6.459115758644995,7.890672860519695,1.0507529706776557,0.20570095656315174,9.502936109034604,8.122105669262472,7.8086130906771585,6.689731081569636,7.329978352054601
var1,"x4,x5,x6",6,100,6.762998955909154,7.623382671141522,0.8441385858004139,0.2324747293055605,8.953052025533006,7.722652708937597,7.620835641649509,6.744203656043891,7.076169323543607
var1,"x1,x2,x3,x4",4,1,6.769059362521489,8.908845892025417,0.8985704789441178,0.10507471572640972,9.733964020516996,7.7533031574989195,8.139079246158218,9.548007787591882,9.369875248361073
var1,"x1,x2,x3,x4",4,10,6.813494002849772,8.541167121926458,0.94157944999101,0.14233356274686268,9.166395902572692,7.193085173224499,7.903039808038287,9.270191212790957,9.173123513005859
var1,"x1,x2,x3,x4",4,100,7.085875225391329,8.115914437058892,0.9753448058223443,0.18525704582473737,8.470140717937296,6.615751413001407,7.716662635716415,9.083468684992534,8.693548733646805
var1,"x1,x2,x3,x4",5,1,6.240453277416433,9.812318565374332,0.9350233032870945,0.01604789506370403,11.026490796350828,8.406042127447574,9.741605611966815,9.997159030923052,9.890295260183393
var1,"x1,x2,x3,x4",5,10,6.4394830281495885,8.859353752359443,1.0012425432950616,0.11201680937602712,9.869042067627555,7.362585652902257,8.372863783465077,9.48679736943992,9.205479888362408
var1,"x1,x2,x3,x4",5,100,6.866228426687366,8.21113964667251,0.9426315211046841,0.17613187744153988,8.771379556567478,6.744207472201505,7.802864034235212,9.037737071754956,8.699510098603406
var1,"x1,x2,x3,x4",6,1,5.540901140201337,11.678985392902026,1.172965788183182,-0.17297779877629255,13.373724803111529,10.537380499572444,11.443067504307354,10.738705435672554,12.302048721846244
var1,"x1,x2,x3,x4",6,10,6.024780740314472,9.536789288900176,1.195923902962387,0.045625100097215855,11.289463679569026,8.0883841418722,8.88723117299519,9.896052304588034,9.522815145476422
var1,"x1,x2,x3,x4",6,100,6.593372210781277,8.394502169639413,1.02326024408578,0.1580590300349187,9.239105681722823,7.010586484033621,7.615969333974263,9.259819054834395,8.847030293631963
var1,"x1,x2,x3,x5",4,1,3.9995628917474497,5.086435866412527,0.6288454158239672,0.4851166173650273,5.20061567401277,5.438914875059881,5.83362103205779,4.75293065445153,4.20609709648067
var1,"x1,x2,x3,x5",4,10,4.019704278313824,4.968065620977487,0.591118833245848,0.4977071536620212,5.084107921397637,5.1383431514124975,5.781285184302525,4.62972694025235,4.2068649075224265
var1,"x1,x2,x3,x5",4,100,4.181801089038305,4.799736783474932,0.5166171778687173,0.5160096573228479,4.909291543107026,4.59164684449739,5.6258778626782,4.616288082613428,4.2555795844786175
var1,"x1,x2,x3,x5",5,1,3.6083265732481706,5.871025237223637,1.1572751896317703,0.40072833359200627,5.735364003930092,7.438588064519325,6.553447712694144,5.114365032771284,4.51336137220334
var1,"x1,x2,x3,x5",5,10,3.7297975397332537,5.306860100485157,0.7909488086844408,0.4603878739306701,5.237720861332944,6.17156282046906,6.027300865867619,4.751020918844497,4.346695035911668
var1,"x1,x2,x3,x5",5,100,4.0182334096964665,4.864801789827599,0.5290588414319852,0.5085180797126627,4.953555937123734,4.875580638881386,5.685667907427471,4.48895595546456,4.320248510240842
var1,"x1,x2,x3,x5",6,1,3.20480735567858,6.153474701088567,0.6862730145837137,0.3783756139762409,6.16871223021533,6.122424692786156,7.210275748630778,5.967666286828529,5.298294546982042
var1,"x1,x2,x3,x5",6,10,3.4999092386559383,5.365093448011059,0.6357840531473866,0.45597330036277717,5.2788072848917365,5.836008850268268,6.0527073247618,5.241290539676299,4.416653240457191
var1,"x1,x2,x3,x5",6,100,3.8921718299966273,4.977109643403184,0.5361166777680342,0.4966258975972967,5.036808442867924,5.134262649498315,5.731243337129081,4.693234485772484,4.289999301748113
var1,"x1,x2,x3,x6",4,1,3.2809817522683744,4.495160051318867,1.1827370456127895,0.5537198075966545,6.5725596039270275,3.8180123662186163,4.081692372099633,3.7158284978837086,4.287707416465348
var1,"x1,x2,x3,x6",4,10,3.318354898038192,4.383159718589888,1.173770048357795,0.5648995889730062,6.434389570503645,3.7370955646787563,4.089859562530546,3.525685709881553,4.12876818535494
var1,"x1,x2,x3,x6",4,100,3.5506916736111584,4.2447905168082585,1.1541400814200422,0.5796100090325952,6.215721668147767,3.3700594017711154,4.213389200142197,3.4772858785843197,3.9474964353958932
var1,"x1,x2,x3,x6",5,1,2.8331726239586623,4.582149428115251,1.4577414660231431,0.5481111879300515,7.122185752898123,3.487112927297312,4.407480285066218,3.870264048744635,4.0237041265699665
var1,"x1,x2,x3,x6",5,10,2.956677056937849,4.34291049505361,1.4061025980665984,0.5712728066135553,6.835108748284986,3.466316311169546,3.948034685604843,3.6141974711839,3.8508952590247767
var1,"x1,x2,x3,x6",5,100,3.2723639429536773,4.154273263963427,1.2855002036442982,0.5895214307067789,6.4021437595816195,3.2924707884504585,3.9212914013812465,3.3594031017019703,3.7960572687018357
var1,"x1,x2,x3,x6",6,1,2.499559811115865,5.316347753997205,1.4723174086291955,0.47412427374223964,7.851748531002707,4.058944364628507,4.656312625886636,4.875138079783499,5.139595168684677
var1,"x1,x2,x3,x6",6,10,2.7633494261421827,4.60936410983751,1.478181631093801,0.5452089238624278,7.197191693866972,3.516415595799441,4.044599667907194,3.9238751811559895,4.364738410457955
var1,"x1,x2,x3,x6",6,100,3.1497396108417868,4.263913235624539,1.2489559802770673,0.578095033271002,6.461309844617906,3.442575340189852,3.9251676771942625,3.5407346265706834,3.9497786895499916
var1,"x1,x2,x4,x5",4,1,5.105833610810803,7.207966161057506,1.4257063889202026,0.2807542334026637,9.584668191048412,6.624150299989205,7.202586422414188,6.8354531831889975,5.7929727086467215
var1,"x1,x2,x4,x5",4,10,5.137346369181515,6.832851994923743,1.3241067628416252,0.3190432237977697,9.049333017122274,5.996261954567059,6.794643046355321,6.661434945106015,5.662587011468052
var1,"x1,x2,x4,x5",4,100,5.405810732892648,6.341677110220045,1.051323217209538,0.367729185870348,8.01514755031078,5.27149916377548,6.233853143648375,6.506839527968519,5.681046165397071
var1,"x1,x2,x4,x5",5,1,4.495186549181284,7.523761685826605,1.586522138392455,0.2492818373787599,10.161893832660216,7.0457755999186755,7.484141306719988,7.0247980974959985,5.902199592338148
var1,"x1,x2,x4,x5",5,10,4.647649404307836,6.907753520554941,1.4413971204088891,0.3113993174002712,9.337524619774536,6.283312089201521,6.6291310379754504,6.766388688459922,5.522411167363272
var1,"x1,x2,x4,x5",5,100,5.091476789292772,6.293214963158048,1.1186192250051825,0.3725630384655328,8.144732814468659,5.39188904519943,5.954188506259365,6.468791533174259,5.506472916688533
var1,"x1,x2,x4,x5",6,1,3.9662217655140894,8.761451245786633,2.716554991270396,0.128974439289131,13.130194473400731,8.54402785466419,7.739223907436255,8.68769926493684,5.706110728495147
var1,"x1,x2,x4,x5",6,10,4.324399236136643,7.410849910177687,1.869749426716729,0.26203530257086644,10.510695286118713,6.987586153572105,6.8607807332925805,7.250935935591133,5.4442514423139015
var1,"x1,x2,x4,x5",6,100,4.876076446147789,6.61722758275732,1.4343438969525903,0.3421924463510385,9.051892108541558,5.563055245942685,6.312352747421397,6.588866635910439,5.5699711759705215
var1,"x1,x2,x4,x6",4,1,5.294791065297921,7.2826801986733845,1.8504803584398561,0.2753965497392862,10.38952225942914,6.278595538904165,6.392386756312409,5.807886248506506,7.545010190214701
var1,"x1,x2,x4,x6",4,10,5.318783880566507,6.936759451554681,1.603254236748629,0.3090528998793484,9.58877285504818,5.938193943479055,6.1681680437088415,5.697722718494101,7.290939697043226
var1,"x1,x2,x4,x6",4,100,5.537291984710414,6.520647172456952,1.3987997497185822,0.35050366488873613,8.838358698361057,5.464264698677487,5.829053149561938,5.644919684259496,6.8266396314247855
var1,"x1,x2,x4,x6",5,1,4.676598515250883,7.443093760821741,1.4185699141536174,0.25387848785378103,9.60138448378017,7.089769285620245,6.802864316811591,5.817148403519644,7.904302314377057
var1,"x1,x2,x4,x6",5,10,4.811234044257128,6.944154954618466,1.4369659197923204,0.3055305883619557,9.139424138374247,6.28284258121076,6.283816687647404,5.462048579777937,7.5526427860819805
var1,"x1,x2,x4,x6",5,100,5.227221134310855,6.58907915414567,1.4528816927933665,0.34276290420184286,8.900776631806519,5.681128435183124,5.68896633666365,5.519302997770785,7.155221369304277
var1,"x1,x2,x4,x6",6,1,3.982891226717592,8.83610635241173,1.8364852905811067,0.11382911625987464,11.679011092486098,8.74735909353131,7.608564527677354,6.904767522829443,9.240829525534435
var1,"x1,x2,x4,x6",6,10,4.408002275353787,7.441409204809493,1.6904433695348422,0.25672490513012464,10.097083646073916,6.707132907867068,6.388884963000136,5.922226081550126,8.09171842555622
var1,"x1,x2,x4,x6",6,100,5.040622475409614,6.790997139902551,1.5359943002127954,0.32322350375159525,9.301391584619761,5.819772894099768,5.88056784501679,5.713338375958516,7.2399149998179215
var1,"x1,x2,x5,x6",4,1,3.41255763526334,4.39024353297687,0.7771793964855709,0.5613100957855075,5.673795241141166,3.9961214019174562,4.573281554539685,3.8060632888803907,3.9019561784056522
var1,"x1,x2,x5,x6",4,10,3.437298868869071,4.265717369534954,0.6895792819660238,0.5736194725602048,5.385965507545135,3.8188796388271578,4.485327120588195,3.8035939659943296,3.834820614719953
var1,"x1,x2,x5,x6",4,100,3.629965246025975,4.210189584733657,0.6340840077308811,0.5793245510025985,5.223330112981352,3.658971369253463,4.420192728433781,3.937912155025036,3.8105415579746493
var1,"x1,x2,x5,x6",5,1,2.9772854925237406,5.383085899126682,2.084240197919528,0.4672556811528327,9.000516490514688,5.095934713584731,4.72394691266504,3.726572431117403,4.368458947751545
var1,"x1,x2,x5,x6",5,10,3.0963038047398475,4.597472597314136,1.0303741049760362,0.5409392133544796,6.341432538536728,4.386840540526277,4.54030581978297,3.674828778741425,4.043955308983276
var1,"x1,x2,x5,x6",5,100,3.428021114088993,4.294225326600126,0.6685579902714791,0.5704911609612751,5.4035305588826885,3.9061818051885737,4.44796615767676,3.868813414518602,3.8446346967340035
var1,"x1,x2,x5,x6",6,1,2.5914328268457916,6.525969330402445,2.814471881446466,0.35391893312030864,11.303338688279165,6.479558865927038,5.425684128441891,3.9832836273565064,5.437981342007626
var1,"x1,x2,x5,x6",6,10,2.860816387849034,4.759806576957355,1.0779842782916866,0.5246689881626085,6.598030541170559,4.57887485977505,4.615487552038459,3.814872596964526,4.191767334838184
var1,"x1,x2,x5,x6",6,100,3.28504485853055,4.329329266628639,0.7278364051048462,0.5677280611991087,5.538901277762582,3.808382837877138,4.487502772305308,3.928071233041065,3.8837882121570955
var1,"x1,x3,x4,x5",4,1,4.491257031581474,5.8118480521868845,0.5109635880735205,0.4163769563080689,6.5014016132208425,5.278663971920646,6.103643777874828,5.810245790445014,5.36528510747309
var1,"x1,x3,x4,x5",4,10,4.519918848597747,5.640843905563916,0.4852824106242461,0.43366606944779135,6.337255448241178,5.092359580819005,5.837371204612376,5.63923983508526,5.2979934590617574
var1,"x1,x3,x4,x5",4,100,4.722084872960091,5.414054635833982,0.4749041379335837,0.45659589336005285,6.149570358139492,4.871825316599623,5.513870269271744,5.351830914252638,5.183176320906411
var1,"x1,x3,x4,x5",5,1,4.005861521966429,6.446275803882797,0.7392253561460361,0.35260007470046695,7.315890446345698,6.024696849982545,7.119348558934888,6.177602605057297,5.593840559093559
var1,"x1,x3,x4,x5",5,10,4.1691165425455265,5.796790177219221,0.4719400574596969,0.4172071510223896,6.463949696122401,5.4289725161494875,6.083606096011293,5.671735357212902,5.335687220600026
var1,"x1,x3,x4,x5",5,100,4.50035951769654,5.3849623409831056,0.42483912046082156,0.45903972561255035,6.032518650405357,4.90718444973239,5.520780435771731,5.300028127325543,5.164300041680505
var1,"x1,x3,x4,x5",6,1,3.4710903434203977,6.978122733594707,1.2535052170774836,0.3010288046917995,8.111329056055093,6.345886059571091,8.323335834397925,6.792400966888193,5.3176617510612285
var1,"x1,x3,x4,x5",6,10,3.798276940146933,6.009934026739278,0.632780096611226,0.3958828104376432,6.590944889773288,5.597451101777514,6.672385696987865,5.9880309640876686,5.2008574810700505
var1,"x1,x3,x4,x5",6,100,4.273286550191597,5.490962220935436,0.4062721889216203,0.44800007589181023,5.97395361851168,4.984337647754078,5.81934104316108,5.428064568000617,5.249114227249727
var1,"x1,x3,x4,x6",4,1,4.253596150033543,5.499448210072823,1.3965663008968014,0.4521089600618812,7.9186144908978875,5.085633773753122,4.996915046179339,4.302948836737654,5.19312890279611
var1,"x1,x3,x4,x6",4,10,4.291928048431187,5.37457738294119,1.3773991575702,0.4648713087138952,7.765977001273586,4.902881347786726,4.892859225065751,4.218737415725196,5.092431924854692
var1,"x1,x3,x4,x6",4,100,4.555036632055595,5.263365794529464,1.376491756287598,0.4766837562847758,7.6518470010989095,4.650615088837685,4.928405749633258,4.125545341648527,4.96041579142894
var1,"x1,x3,x4,x6",5,1,3.7857536191266816,6.094360814932795,1.3498620096802925,0.3925720046561505,8.402287859760719,5.48934510927136,6.074613272190426,4.953589692210123,5.551968141231346
var1,"x1,x3,x4,x6",5,10,3.9140505432279666,5.6412185444615215,1.429212362509311,0.43851187754587573,8.11751103859073,5.060038196622453,5.172201584550154,4.446535120788181,5.409806781756091
var1,"x1,x3,x4,x6",5,100,4.248631206265221,5.22976606731177,1.3856344116179167,0.48009185760327694,7.6233658637443025,4.5950947576428,4.829183025977684,4.068522143281207,5.032664545912854
var1,"x1,x3,x4,x6",6,1,3.2373377225201247,6.870954674178156,1.7004447355518828,0.31446439817371524,9.763123178632425,6.655899538745672,6.643567242934263,5.419289813506161,5.872893597072258
var1,"x1,x3,x4,x6",6,10,3.6162329230894117,5.916602976752729,1.5604170532012862,0.41093545550374844,8.63779467692555,5.4830627828887,5.36410471679615,4.63906816700019,5.458984540153055
var1,"x1,x3,x4,x6",6,100,4.081838316556807,5.297806359108394,1.3937216373031784,0.47309287305925823,7.728713246249481,4.728682320845761,4.779622470353101,4.198522423842713,5.053491334250913
var1,"x1,x3,x5,x6",4,1,2.82771759425968,3.6132639260625914,0.7479251085307668,0.6350409245529699,4.4015076626686325,4.213839503766414,3.7698976460008864,2.9761876877715747,2.7048871301054493
var1,"x1,x3,x5,x6",4,10,2.8542632007710167,3.52814873193162,0.720104871891149,0.6437727210759173,4.289980151896538,4.073998636253306,3.7192358386750066,2.913295531989446,2.644233500843804
var1,"x1,x3,x5,x6",4,100,3.044953861397778,3.486794700704439,0.6546826622164925,0.648379148531806,4.238084404196764,3.8866821499705764,3.70360951967706,2.863550994988928,2.7420464346888678
var1,"x1,x3,x5,x6",5,1,2.474690582216419,3.8386441647833665,0.8028964622485947,0.610755061514085,4.389753051507498,4.645101064044789,4.206751518768564,2.975444341213366,2.976170848382614
var1,"x1,x3,x5,x6",5,10,2.558712966906513,3.54419220276763,0.7334475205092941,0.641089401213059,4.1589089164949025,4.250317631463238,3.779910778856892,2.830283498211606,2.701540188811512
var1,"x1,x3,x5,x6",5,100,2.8190065915250395,3.374729018295723,0.6757198267071859,0.6587139035957122,4.005744227767993,3.9560660410690347,3.5987298550070306,2.721839404368726,2.5912655632658295
var1,"x1,x3,x5,x6",6,1,2.1943568613076403,4.485500494899356,1.1058052227526456,0.5498976432420207,6.150418190660239,4.937182182728426,4.298441385080634,3.617424559679422,3.424036156348064
var1,"x1,x3,x5,x6",6,10,2.389174891205313,3.8656705177199178,0.8439295337993094,0.6101785148357795,4.901199060017858,4.468759760357203,3.8990992573564967,3.1128487120809636,2.946445798787066
var1,"x1,x3,x5,x6",6,100,2.729282648347946,3.5187756487320767,0.6916982336229142,0.6445315512833731,4.24946215076549,4.08034068011705,3.652964564250394,2.9262925242592326,2.6848183242682166
var1,"x1,x4,x5,x6",4,1,3.5933529715239354,4.557654442050409,0.5749667741554867,0.5405262357933326,5.2488377492692955,4.750115031907276,4.865020154539122,3.918297063490641,4.006002211045709
var1,"x1,x4,x5,x6",4,10,3.6185131747340513,4.465196291349449,0.5572838076526263,0.5502685037995423,5.238241286416618,4.601000399622045,4.641794568552079,3.8679992617689236,3.976945940387585
var1,"x1,x4,x5,x6",4,100,3.8386963371635523,4.438138596391757,0.6311333793827939,0.554144824759407,5.474245498607212,4.443958356087525,4.391070955932875,3.834223432166546,4.047194739164624
var1,"x1,x4,x5,x6",5,1,3.182525721272252,5.137412991687691,1.0079587552428335,0.485018012712498,6.7486041086860835,5.246502219114971,5.117499204925471,4.35817462082752,4.216284804884412
var1,"x1,x4,x5,x6",5,10,3.281463096218052,4.701064956218216,0.7188747869747932,0.5274671265137207,5.785040199253747,4.822902640425182,4.810310794067189,4.06160014778989,4.025470999555072
var1,"x1,x4,x5,x6",5,100,3.6141066486852162,4.478531385899574,0.5932657480630062,0.5492289948255706,5.370427796689873,4.602959232025357,4.528850151846248,3.8322943141817136,4.058125434754679
var1,"x1,x4,x5,x6",6,1,2.6764689349468442,5.939652366474316,1.308199070603495,0.40015809503163996,7.57869175925354,6.949838165980813,5.509877545739464,4.334484257508727,5.32537010388904
var1,"x1,x4,x5,x6",6,10,2.979418271264767,4.844140544545985,0.7763276181322164,0.5122605164661944,5.956541610692911,5.156340968923713,4.864352390765726,3.995873362095575,4.247594390252
var1,"x1,x4,x5,x6",6,100,3.4379721532386482,4.491139592390985,0.5737943168134159,0.5482653832150699,5.361542951939579,4.517572322382938,4.615358589347439,3.875845951416106,4.085378146868863
var1,"x2,x3,x4,x5",4,1,5.268873076637574,6.920307714788341,0.5350532106391374,0.3028246720647222,6.826253554842798,6.09571675181581,7.54691983600294,7.168908142614383,6.963740288665773
var1,"x2,x3,x4,x5",4,10,5.296709589600573,6.679899391519629,0.5419665222143487,0.3279281004038938,6.7443486893425355,5.749011819625899,7.1237693245582845,6.985795776974681,6.796571347096744
var1,"x2,x3,x4,x5",4,100,5.5061639858321705,6.376653693496914,0.6973981139037311,0.36053295244113726,6.728040452375913,5.142882936396136,6.660855871223342,6.817363738580599,6.534125468908584
var1,"x2,x3,x4,x5",5,1,4.72702830506511,7.408165093113007,0.43858555346048644,0.2503950904382445,6.980862647768994,7.07867198417907,7.999709343723933,7.251314790963269,7.730266698929765
var1,"x2,x3,x4,x5",5,10,4.867091860936158,6.740309059623796,0.4432453626093694,0.32130632850628915,6.861349095790912,6.002674939061573,7.191577496478291,6.892977357313805,6.752966409474395
var1,"x2,x3,x4,x5",5,100,5.221335476173567,6.274570847018753,0.6420632118614173,0.37075830212408273,6.7175459885722,5.1621681914794975,6.629391584938778,6.573167476550926,6.2905809935523616
var1,"x2,x3,x4,x5",6,1,4.002513561367438,8.822023528675311,1.4482707766901217,0.10704332135800954,7.658081096014681,8.016154717129789,11.126727454781276,7.941124420793557,9.368029954657251
var1,"x2,x3,x4,x5",6,10,4.389039223032029,6.987040844856142,0.6976994656076105,0.2954166250308131,6.682676403983021,6.254199245650394,8.0806452872212,7.203670756147955,6.714012531278141
var1,"x2,x3,x4,x5",6,100,4.971529372080363,6.351290642942,0.5830851799442397,0.3618042888016157,6.517048165878059,5.3443119536089965,6.763164830210215,6.734282151031385,6.397646113981347
var1,"x2,x3,x4,x6",4,1,3.4361235912470973,4.3391264844383794,1.0326883696310891,0.5703916061536429,5.958572124054349,3.083348022255481,4.0966309068279525,4.283638030367782,4.273443338686332
var1,"x2,x3,x4,x6",4,10,3.4648812306604717,4.272582050725264,1.0551321333644321,0.5773673661841794,5.931330908131176,2.990055374318703,4.069036316482725,4.202877892277321,4.169609762416395
var1,"x2,x3,x4,x6",4,100,3.6879466245951393,4.2850299455937035,1.1129529840674368,0.5767068560614081,6.022289249279038,2.9100117359475273,4.137197960249035,4.200982302116539,4.154668480376374
var1,"x2,x3,x4,x6",5,1,3.1139937022160527,4.713086677329992,1.2059182517490663,0.5332971776376985,6.560924485026389,3.333577828090074,4.198460660778618,4.394552279369831,5.077918133385049
var1,"x2,x3,x4,x6",5,10,3.214193550003427,4.443069559892808,1.1721624559752208,0.5606331379598043,6.2997624711580045,3.1115028809923793,3.9948030214037815,4.215451566007476,4.593827859902399
var1,"x2,x3,x4,x6",5,100,3.471034637888269,4.233381875293937,1.111616418519129,0.5816371388238577,5.994786123006196,2.921851475384498,3.911553336193213,4.104799462502484,4.2339189793832945
var1,"x2,x3,x4,x6",6,1,2.6855707420860844,5.1279366349444615,1.4372049829345657,0.49301508675762074,7.380290098175405,3.5872052384874933,4.522197535463408,4.604485940702913,5.5455043618930855
var1,"x2,x3,x4,x6",6,10,2.961458921419998,4.55875593665124,1.3205648332029358,0.550139664361551,6.684579939809299,3.1120886020469043,4.033256598730593,4.287457474744922,4.6763970679244835
var1,"x2,x3,x4,x6",6,100,3.346402760265023,4.318396092688902,1.174014971166843,0.5735229809604905,6.198076301126915,2.97444644954502,3.9126864535798838,4.233470197057629,4.273301062135066
var1,"x2,x3,x5,x6",4,1,3.040845701760257,3.9012061018909407,1.068884181606792,0.6151310639172601,5.537932160291378,2.5838693074297128,4.079223259942658,3.6382117819680695,3.6667939998228833
var1,"x2,x3,x5,x6",4,10,3.0752086561038983,3.7976372225686754,1.0833539507149255,0.6256283127065448,5.468727463860373,2.5530122489340057,4.070507743393138,3.5783449719937908,3.3175936846620693
var1,"x2,x3,x5,x6",4,100,3.3000898050748666,3.7572448790752846,1.1016698585391493,0.6296085511363816,5.428555430948828,2.567331456188375,4.18856099571687,3.4474772518184933,3.1542992607038536
var1,"x2,x3,x5,x6",5,1,2.678460299889632,4.135737516504916,0.9225016355868271,0.589612873707151,5.541669103857739,3.1325472853091867,4.4889030884947285,3.685054281672241,3.8305138231906852
var1,"x2,x3,x5,x6",5,10,2.7639340615722547,3.850429168752536,1.0081250531735284,0.6193481500831322,5.440413266840838,2.7969853669749205,4.125456782657571,3.550734305475352,3.3385561218139963
var1,"x2,x3,x5,x6",5,100,3.0528389051667744,3.6635759632944422,1.0658268989753885,0.6387477662494774,5.325732111554586,2.5462392830351255,3.998190016282318,3.3543876914334083,3.093330714166773
var1,"x2,x3,x5,x6",6,1,2.3642234589335067,5.213529216910263,1.2111730675545567,0.4817249539808729,6.448592312174219,3.5786323011222905,5.815080981350826,4.3103977120831605,5.914942777820822
var1,"x2,x3,x5,x6",6,10,2.5653976506951244,4.275624489062925,1.0085169926754773,0.5763130100758065,5.777644000988908,3.093318616177138,4.636096784530179,3.772360479274306,4.098702564344096
var1,"x2,x3,x5,x6",6,100,2.9332517807556835,3.8319010005519614,1.0433145086093747,0.6216475966984011,5.414559859731741,2.6483078283957178,4.20916044924767,3.4919760942195324,3.3955007711651475
var1,"x2,x4,x5,x6",4,1,5.261715080533837,6.688037823782007,0.6345963883005877,0.32510967263227564,7.5821979819130805,6.831743879593404,6.0019181508673025,6.152961640426604,6.871367466109646
var1,"x2,x4,x5,x6",4,10,5.291855107676493,6.557357087594106,0.6643368051903393,0.33923808350681534,7.568309524634562,6.551237537885281,5.885743028032885,6.0467066547266395,6.734788692691163
var1,"x2,x4,x5,x6",4,100,5.572114226685118,6.449779199745118,0.7008403441185119,0.35161614219598614,7.637591041301709,6.213642535634054,5.929233253853992,5.975229094255633,6.4932000736802
var1,"x2,x4,x5,x6",5,1,4.773843859223021,7.2609125368376155,0.6548202013732097,0.26671592128930344,8.090112779188782,7.441368377251396,6.625826109262474,6.562973888897429,7.584281529587995
var1,"x2,x4,x5,x6",5,10,4.895641943433293,6.804810558437582,0.6449610287840989,0.31329366573059286,7.616813283970333,6.8377030231467355,6.1625596239768,6.169423844528895,7.237553016565146
var1,"x2,x4,x5,x6",5,100,5.269384895627506,6.480789977184517,0.6913096577091976,0.34693259396305265,7.49295637117128,6.46949529131148,5.761149254476917,5.934219075004302,6.746129893958612
var1,"x2,x4,x5,x6",6,1,4.014251349655803,8.209930171318991,1.446270164902705,0.1670441665845729,9.500929230217384,9.66438981985506,6.672050633738789,6.742873269040585,8.469407903743141
var1,"x2,x4,x5,x6",6,10,4.419315039321177,7.050264365697006,0.9292156965352709,0.28673979701808844,7.982194734819399,7.584917071635116,6.015798965713517,6.080568345035681,7.587842711281317
var1,"x2,x4,x5,x6",6,100,5.029071901411088,6.544417416217494,0.7459749757080025,0.34069394698844,7.584618236945022,6.468093252478925,5.826064197196788,5.877643148874272,6.96566824559247
var1,"x3,x4,x5,x6",4,1,3.9172227409900393,5.242273100244417,0.9765650393227445,0.47591888820901423,6.7577455239234805,4.826267204614703,5.645262376373332,4.326861682615546,4.655228713695024
var1,"x3,x4,x5,x6",4,10,3.9548563476663086,5.070396084828507,0.9502749116926849,0.4931348947134205,6.546289846167913,4.6557409403802215,5.44910328848931,4.148250947942303,4.552595401162783
var1,"x3,x4,x5,x6",4,100,4.237834197049855,4.954444730060012,1.0449115684302523,0.5053386439282297,6.578775551356744,4.500103967386423,5.307042956697445,3.8474472861134705,4.538853888745976
var1,"x3,x4,x5,x6",5,1,3.4242882461307635,6.256807099832743,2.4633719160101606,0.3835457836926961,10.625592860257896,5.311224004003014,5.528797563470738,4.653909252458952,5.164511818973118
var1,"x3,x4,x5,x6",5,10,3.533911009935565,5.161044565894814,0.9805367083285714,0.48473454199294785,6.824062781325074,4.641877564486597,5.195637269973384,4.331944204225966,4.81170100946305
var1,"x3,x4,x5,x6",5,100,3.9116437903537915,4.768067718092581,0.866423546164808,0.5231470747241411,6.1273345022526104,4.3587545855373,4.9974313264466375,3.8322780798687033,4.524540096357653
var1,"x3,x4,x5,x6",6,1,2.9158522500989252,6.917154528946492,2.252047745143491,0.31648457016408715,10.88392375451767,5.815178572558169,6.5863019201542174,5.743393651844762,5.5569747456576355
var1,"x3,x4,x5,x6",6,10,3.2059585181449544,5.4180946162216514,0.8026546822336018,0.4578917206940673,6.69768893517101,4.845480736177011,5.6995457344675895,4.775459372293358,5.072298302999288
var1,"x3,x4,x5,x6",6,100,3.7043243876450616,4.934615521435788,0.8087429832044024,0.5063633699168656,6.170460632716052,4.4163012694597565,5.252768944049262,4.11448586632339,4.719060894630482
var1,"x1,x2,x3,x4,x5",4,1,3.150705103815079,5.0372841106331085,0.5166955045799179,0.49234100283020077,5.8509959973047305,5.193452645495169,4.923341158932757,4.577036437953562,4.641594313479325
var1,"x1,x2,x3,x4,x5",4,10,3.199339473033197,4.772532574506283,0.401005811513634,0.5192441332042865,5.444928431871478,4.7566644613232345,4.696598776998249,4.391284926648186,4.573186275690267
var1,"x1,x2,x3,x4,x5",4,100,3.502946435866972,4.470882122071825,0.25705542198019815,0.5499959322574389,4.841410976633112,4.146363529266938,4.563168634831728,4.359153156019362,4.444314313607984
var1,"x1,x2,x3,x4,x5",5,1,2.440189406291251,6.278246474328627,0.5873928369269679,0.36334035899585615,6.220054426883993,6.768208284455054,6.9754065291583585,5.795632287135914,5.631930844009814
var1,"x1,x2,x3,x4,x5",5,10,2.6730279175826164,4.98265223171184,0.3878654503822628,0.49597854373840244,5.364373337008315,5.339347856127158,5.034982753201628,4.669243746793912,4.505313465428185
var1,"x1,x2,x3,x4,x5",5,100,3.1407354439597293,4.367956334660458,0.2567993525652393,0.5599688385744238,4.815092780898961,4.2420589401035915,4.3520434418251055,4.2391388271993815,4.19144768327525
var1,"x1,x2,x3,x4,x5",6,1,1.7346082392903877,8.544463343926193,1.1507379132859876,0.13527200611768117,8.909509358340037,9.230277989654592,9.819996561385786,7.8056196975866925,6.956913112663861
var1,"x1,x2,x3,x4,x5",6,10,2.2179403333383716,5.418249591975737,0.6729139089259744,0.45264011856307096,6.096644284375386,5.9012346853381885,5.612563167562795,5.0241709024112104,4.456634920191105
var1,"x1,x2,x3,x4,x5",6,100,2.8392698734701223,4.587895305667556,0.42554499496283354,0.5380486180632132,5.314338843422606,4.595779395192832,4.447909988422322,4.277410271711394,4.304038029588627
var1,"x1,x2,x3,x4,x6",4,1,2.477349315420361,4.207656748184536,1.0445862954955107,0.5826819502840709,5.9968649449222475,3.322819368877436,3.7985080050926703,3.7474265556859363,4.172664866344386
var1,"x1,x2,x3,x4,x6",4,10,2.528647442194271,3.9257372946040183,0.9353147302396726,0.6103672762212689,5.507633869473619,3.111378117899512,3.741040922634189,3.3796480207413095,3.888985542271464
var1,"x1,x2,x3,x4,x6",4,100,2.856900695664959,3.7374091911670093,0.8622011316979494,0.6290426245470271,5.152448385089512,2.8900045791370785,3.6380063686653594,3.244806118552826,3.761780504390269
var1,"x1,x2,x3,x4,x6",5,1,1.834016880908992,5.188619868379044,0.9582401572616133,0.4816728722959864,6.793191775830005,4.641461562364493,4.303599458390411,5.121694308022974,5.083152237287337
var1,"x1,x2,x3,x4,x6",5,10,2.0119738712645074,4.097738022872855,1.2008139602581236,0.5941505354943264,6.1467769279470845,3.2751948297374547,3.4608851668784637,3.4071527634615784,4.198680426339693
var1,"x1,x2,x3,x4,x6",5,100,2.4337717070710334,3.602894538933446,1.0263747380518693,0.6434626982718229,5.312937597742758,2.7247012872192036,3.1807461287054073,3.0401521922665777,3.7559354887332814
var1,"x1,x2,x3,x4,x6",6,1,1.2712503251160057,7.750898726821736,1.1855108422637137,0.22455018926741932,9.789107682965628,6.950400355189421,7.318296730406028,6.951226043629961,7.745462821917639
var1,"x1,x2,x3,x4,x6",6,10,1.6576431650372516,4.700595796360419,1.4195166697112407,0.5339291675867863,6.933529333744351,3.6990315541971213,3.8463510484806003,3.715120215794419,5.308946829585606
var1,"x1,x2,x3,x4,x6",6,100,2.218948983615417,3.840428052923586,1.0990544378738856,0.6197945533296647,5.678267132455586,2.956508902111041,3.387261608931756,3.1765418003793546,4.003560820740195
var1,"x1,x2,x3,x5,x6",4,1,1.0296517700372196,1.7132173460427194,0.23274862538260047,0.8279272552058184,1.9641874573388136,1.5854345671225052,1.9433475129229554,1.431685497459803,1.6414316953695198
var1,"x1,x2,x3,x5,x6",4,10,1.062411328771614,1.6007244159850988,0.2965164778569895,0.8395039321187261,1.8835894478524384,1.473642431821047,1.9506449888695834,1.2968179959831834,1.3989272153992425
var1,"x1,x2,x3,x5,x6",4,100,1.2665504785223018,1.6167445912873741,0.4024420356380891,0.838454084818094,1.9698626947832345,1.3989608276135654,2.1212452083076716,1.2059949960652376,1.3876592296671615
var1,"x1,x2,x3,x5,x6",5,1,0.7136139555435446,2.2830438770300088,0.9618288167750215,0.7755271911024958,3.8960620964009904,1.8607887964081045,2.4098127257724733,1.489526349084414,1.759029417484062
var1,"x1,x2,x3,x5,x6",5,10,0.7914252454487853,1.7267387571537676,0.4482542379922491,0.8281653794681823,2.380184314079692,1.5161282070573059,1.994099774427729,1.3056542390952999,1.4376272511088113
var1,"x1,x2,x3,x5,x6",5,100,1.009387829149518,1.5246288601022129,0.3851737174540902,0.8474728415711098,1.882243077421191,1.3911621388347464,1.9760394537956554,1.098043886524303,1.27565574393517
var1,"x1,x2,x3,x5,x6",6,1,0.5010738524859024,3.175560209511572,0.7054327973604798,0.6834117283574954,4.264488558541662,2.861497773763266,3.498012617342846,2.6343930198704664,2.6194090780396198
var1,"x1,x2,x3,x5,x6",6,10,0.6576640266077932,2.0015419847720044,0.38686499853615913,0.8001329095736714,2.6112967634903015,1.7857146091617047,2.1255629330418606,1.618553053550464,1.8665825646156904
var1,"x1,x2,x3,x5,x6",6,100,0.9282221412073012,1.6219736542561705,0.33062488994533584,0.8374293434823612,1.9608219938702725,1.5105196776445033,1.9706026045020573,1.227736973293726,1.4401870219702935
var1,"x1,x2,x4,x5,x6",4,1,2.325324961918432,3.859228694915823,0.5882925596623111,0.6122207127173008,4.847088648465155,3.9534240507084943,3.4428544307731612,3.5747582835810277,3.4780180610512774
var1,"x1,x2,x4,x5,x6",4,10,2.3697105964609344,3.572932469471423,0.43859644214691484,0.6406332059762968,4.29657052364055,3.616794682604656,3.232782841159909,3.495042596747185,3.223471703204816
var1,"x1,x2,x4,x5,x6",4,100,2.6697334905719203,3.47648747428462,0.44950853495645354,0.6513785054480158,4.249058805951354,3.273945439619703,3.1304140370180185,3.4774188357505524,3.2516002530834753
var1,"x1,x2,x4,x5,x6",5,1,1.6375267901308868,6.020898215517595,3.138791563026182,0.41248068879415073,11.63006609960146,4.713780311039368,4.7662639762303325,4.399083477887473,4.595297212829339
var1,"x1,x2,x4,x5,x6",5,10,1.8246466319418264,4.031553240333035,0.7908954718374333,0.5981486942416432,5.436343286894266,3.560024519387187,3.7225664757172607,3.808735597747136,3.630096321919326
var1,"x1,x2,x4,x5,x6",5,100,2.2981000230521547,3.4965683456227614,0.45438434041267656,0.6486007462668597,4.234053584117734,3.4764832255096865,3.058100978716222,3.5158742194067614,3.198329720363404
var1,"x1,x2,x4,x5,x6",6,1,1.0438551722985785,6.846229876593776,1.6260442355747888,0.3155553493453179,9.431979547277182,6.588156722535979,6.57180449590729,4.914025237334262,6.725183379914169
var1,"x1,x2,x4,x5,x6",6,10,1.4273391978783418,4.307807268074555,0.8313660556081414,0.5708401087648369,5.77285174713928,3.704353640612805,4.061400838401471,4.046173747572544,3.954256366646675
var1,"x1,x2,x4,x5,x6",6,100,2.0287625805406426,3.6207715741252526,0.569856494965178,0.6376808784161774,4.548250500646418,3.326084943566437,3.184871863174328,3.7892488914985547,3.255401671740524
var1,"x1,x3,x4,x5,x6",4,1,1.8191769209923763,3.068621210473451,0.41273502639821313,0.6892390922827907,3.370789181373,3.445453693090871,3.278894346573284,2.558891961761627,2.68907686956847
var1,"x1,x3,x4,x5,x6",4,10,1.8588019236954971,2.8812420830811463,0.34299073484535736,0.7086094489698571,3.2237928970321477,3.1691790814583944,2.972274021912219,2.4909897335276883,2.5499746814752813
var1,"x1,x3,x4,x5,x6",4,100,2.133403572064161,2.801459386733378,0.4092010886855146,0.718207694470172,3.4390359189798914,2.88478979282724,2.766695748928022,2.3590662686797508,2.5577092042519864
var1,"x1,x3,x4,x5,x6",5,1,1.263478462991126,4.165586879788118,0.9029095554828899,0.5816815955122259,5.417038331734909,4.481015258603766,4.318372364206148,3.5218433940934495,3.08966505030232
var1,"x1,x3,x4,x5,x6",5,10,1.4154467515038334,3.1734385602908946,0.44743642893621643,0.6795413127845005,3.682552411393138,3.4717133653601073,3.2972942215054433,2.664895282747229,2.7507375204485554
var1,"x1,x3,x4,x5,x6",5,100,1.78571688464097,2.709220755921905,0.363042620913247,0.7267272948066458,3.1934202073010836,2.884888950917519,2.7221784484389238,2.2398109345769504,2.5058052383750473
var1,"x1,x3,x4,x5,x6",6,1,0.7838107282863787,5.263478746897781,1.2934475263402476,0.4728427939945174,7.30871576958842,5.619993362292971,4.754505298792492,4.724256850057605,3.909922453757422
var1,"x1,x3,x4,x5,x6",6,10,1.0838279069964925,3.477032114252805,0.43635389492902926,0.6495515534042307,4.1209277655999665,3.693312729535151,3.317979925295647,3.247207159923063,3.0057329909101975
var1,"x1,x3,x4,x5,x6",6,100,1.571030782658411,2.8433278290205055,0.2556441728437369,0.7129685850356008,3.1960965894960713,2.9781509013925187,2.839814500789753,2.5728775715094527,2.6296995819147315
var1,"x2,x3,x4,x5,x6",4,1,2.0786188142142334,3.329470959497784,0.5515326116180002,0.6681244961026331,4.202151302086508,2.6710047104307804,3.2463389681631147,3.208694419489113,3.319165397319401
var1,"x2,x3,x4,x5,x6",4,10,2.11960314587746,3.1824109403029843,0.602595374728917,0.6834833671489859,4.144373195376405,2.4732483830224052,3.1147585022729922,3.054586612032611,3.1250880088105086
var1,"x2,x3,x4,x5,x6",4,100,2.3957548038641265,3.116262148308348,0.6585910788163906,0.6906965435931405,4.120199240267008,2.291486772206068,3.1534603559945795,2.9031173928242677,3.1130469802498184
var1,"x2,x3,x4,x5,x6",5,1,1.5280605453658604,4.139408852290047,0.7198410816597353,0.587277608698016,5.306525013677773,3.390021332406596,3.777755414336731,4.020328626319507,4.202413874709628
var1,"x2,x3,x4,x5,x6",5,10,1.6549044944869518,3.2907471372029526,0.6469594699749797,0.6726942999765501,4.362139359494703,2.6237214560600766,3.027690376317775,3.253548064378144,3.1866364297640635
var1,"x2,x3,x4,x5,x6",5,100,2.0187558483376593,2.9550091702786183,0.6037973550915793,0.7063239525967504,3.9356621109491767,2.2974447392815813,2.9186368623450343,2.7072772744465703,2.9160248643707307
var1,"x2,x3,x4,x5,x6",6,1,0.9258328629162804,6.304604088618364,1.1887183001632462,0.3726671148060866,7.659743579118393,4.438970930634548,6.23286080980707,6.312378565164122,6.879066558367687
var1,"x2,x3,x4,x5,x6",6,10,1.2631680678088706,3.7968433037790694,0.7402073256512505,0.6224349200692261,4.83084964442483,2.7892131205390056,3.569291744391201,3.7649086335306734,4.029953376009638
var1,"x2,x3,x4,x5,x6",6,100,1.7992770715258875,3.103292100676354,0.652874714324832,0.6919686421536567,4.1029791903937625,2.2832209629543754,3.097423551726449,2.9216499913181417,3.111186806989041
var1,"x1,x2,x3,x4,x5,x6",4,1,0.3272019347448464,0.8431028118527054,0.15259206286565552,0.913915156100178,0.8329213654784196,1.0617922486507039,0.9110718980155866,0.6704474508680657,0.7392810962507514
var1,"x1,x2,x3,x4,x5,x6",4,10,0.3608949785395451,0.7430992067445704,0.09885786652566737,0.924797879208507,0.8091188231820983,0.8177070481578834,0.8184854573197236,0.6263589840130862,0.6438257210500609
var1,"x1,x2,x3,x4,x5,x6",4,100,0.5849950297790626,0.8962834944731078,0.15557620516522075,0.9104950099644584,1.086427340546959,0.7373555930746546,1.0283682969729768,0.7665545375747065,0.8627117041962421
var1,"x1,x2,x3,x4,x5,x6",5,1,0.09723170368331255,1.1742213224178149,0.12808964572490616,0.8821427448414451,1.3289193038204183,1.0634771304574133,1.1045014135950921,1.2971936089300289,1.0770151552861222
var1,"x1,x2,x3,x4,x5,x6",5,10,0.14982440470798397,0.5412039933386255,0.03588430703225792,0.9452724763201135,0.5663237162582716,0.562898770748065,0.5125102438337367,0.571268789187947,0.4930184466651072
var1,"x1,x2,x3,x4,x5,x6",5,100,0.3175801968189275,0.5919904136484713,0.07498990311756482,0.9405638419996126,0.7057927339451282,0.5678909443241691,0.6265386881445993,0.5248931615152952,0.5348365403131641
var1,"x1,x2,x3,x4,x5,x6",6,1,0.03525495521284906,1.571663942949939,0.24197413915422608,0.8404308252791299,1.4454834877842255,1.6249606822797478,1.9214498775874929,1.2677494434445453,1.5986762236536831
var1,"x1,x2,x3,x4,x5,x6",6,10,0.0954048533727064,0.7101263514439244,0.08739502029045869,0.9284709225603333,0.83302698747409,0.7413407947828148,0.6821115231687969,0.7006354604435913,0.5935169913503298
var1,"x1,x2,x3,x4,x5,x6",6,100,0.25290380090916836,0.6552455784488265,0.07889496589910182,0.9343067588687873,0.7893161183810483,0.6110531011266689,0.6511969176141027,0.6375305113698435,0.5871312437524694
