x1,x2,x3,x4,x5,x6,y
0.11055815157373189,-0.6965930923565103,0.7398546510840648,-1.0,0.05419928093438142,0.0019949227145706905,0.3164958140724488
0.030420913964777987,-0.7683940378540103,0.4963459382346939,-0.33185767956678713,-1.0,-0.5473257378491398,2.599002769056733
-1.0,-0.6487456013927705,-1.0,-0.15461075536034052,1.0,-0.8882765574324272,1.9838222250213775
0.8113973382292774,1.0,0.9073284813686557,0.17186297756985214,0.7769880412765553,-0.039297944563527046,-4.235649009795073
-1.0,-0.5958485409005453,0.3996302833688523,-0.44339932103558977,1.0,1.0,3.6326084286984375
1.0,0.04164646920633297,1.0,0.7906105209394849,0.8250206648792074,-0.5610748470825846,-3.7921439894552176
0.7661041225119534,-0.5274473731150697,-1.0,-0.2207033970254701,-1.0,-0.16301555986807448,2.8956702210743672
-1.0,-0.4469603437396674,-0.28908977667743474,-0.8893505659367019,-0.9331419411236023,0.6778500805170518,-1.367347027419007
-1.0,-0.8273497344561624,-1.0,-0.5281214391262101,-0.3750589458857516,0.6606973866493984,-1.0520839072491834
-0.3699746033675375,0.1803245878800105,1.0,-0.8921416031271483,-0.5073563747412344,0.3531225951369871,-2.286233379783206
0.5517633600080969,0.6671262170761264,-1.0,-0.47783701878530793,0.8025109588749159,1.0,6.725836598942387
-1.0,-1.0,-0.546402868711841,-0.758140048107599,1.0,0.4640899830692953,-1.2516929214183685
0.1084514084513426,1.0,-0.28913716720632365,0.003509246584488257,-0.11638679565851517,-0.4494592792957429,-0.24292911490036284
-0.911237999747774,-1.0,-1.0,-0.5595242868352692,-0.6294401620142736,-1.0,3.0893076271442244
0.42324572201335553,-0.9397764301862586,0.7665438678718558,0.3408218722983606,-0.2534259010657506,-0.06249544898130038,2.3970421839294085
-0.30462037453457125,-1.0,-0.6268381357863426,-1.0,-0.8248669178021489,-1.0,5.173531698215002
-0.2326535364940756,-0.8563085885681813,-0.1093202149837279,-0.4066702434939114,-0.011387697744423386,-0.2450751802415876,0.6536278031425293
1.0,1.0,0.4287627929762608,0.588414970969888,1.0,0.4481250586564103,-2.8469019833532583
-1.0,0.3882995512904634,-0.9817602163538435,0.8158081840956732,0.614920383943543,1.0,7.568426882668849
0.09832823674357749,-0.5102523027522765,0.657889862170403,-0.10226242934813734,1.0,1.0,0.43280383757739666
0.3046134079178178,-0.26420097288924926,-0.761735110599897,-0.028977895274200693,0.07230630266537844,0.2529153893020306,1.0996107709215808
-0.02093702005615805,-0.5513296037367238,-1.0,-1.0,-0.6704244337272329,-0.6738050759227001,1.8245780653317472
1.0,0.679475529611983,0.8485190682219974,0.05486031394437252,0.9540817800681896,1.0,-3.3815376489834574
-0.08263768920200865,-1.0,-0.9249327402893752,-0.1632330400433153,-0.041916164614795304,-1.0,1.833438630821838
0.013187447670758301,-0.3135925753503106,-1.0,-0.5919786794047538,0.33878814785319056,0.8152980781832871,3.3795346371880255
0.44467398080728704,-1.0,-1.0,-0.2715239956060304,1.0,-0.02593649364146544,-4.722263246489246
0.8553393828254525,-0.3588163834205858,1.0,-0.21924396729446752,0.9350769612845441,-0.4095529595555609,-2.8000067036272314
-0.9739641176099975,-0.9293683042252073,-0.17471999037893443,1.0,-1.0,-0.36075938912942607,-2.035021026194155
-0.7105117321367007,0.05733239678759661,-0.17616310715088235,-0.5481020426957627,0.014386330998191976,1.0,2.9635210858262986
0.28420438682280613,-0.4524471339364299,-0.6007337069547425,-1.0,-0.5958738356277082,-0.3365104834028415,1.6953827592279231
0.5888783668252164,1.0,1.0,0.21533097449301608,1.0,-0.002231066537313864,-4.173867344296312
1.0,0.5683013265106056,0.3624279802288264,1.0,-0.0211405115782356,-1.0,5.693895112982424
0.06487943923534795,-1.0,0.026981837779570306,-0.3186182211087233,-0.8564690819091125,-1.0,6.465479847209049
0.7094416509476338,1.0,0.683966557097268,0.2704716638753659,1.0,-1.0,-0.8753736196311961
-0.1969809716625205,0.3220729167704026,-0.3433413365116225,1.0,-0.19018718576700056,-0.5994992681314582,0.40503344049719153
0.7508933137846101,0.326329420997697,0.7479422732851331,0.925397075863484,0.013787456555338445,-0.4093071867678948,-0.6951055463166322
0.4243794491501545,0.24567972781369896,1.0,0.6277925518909075,0.10196926490477992,-0.3895711452026235,1.6088548175734185
-1.0,-0.8190339358867643,-0.02129312099724845,-0.9022236210464023,-1.0,-1.0,3.2524610700730268
0.18730021706533936,-0.8445742140578196,-0.7917875773009311,-0.7190206379057557,-0.6655233064732564,-0.12983910398075482,0.3937982924169179
-0.34109341399506016,-0.252316163272303,-0.20891604839492595,-0.02259819713150646,-0.3793318211328518,-0.4924813670391275,0.7012557188649755
1.0,0.30631461920284037,-0.7876635602872644,1.0,-0.24141282538957934,-0.13380605317492167,0.29550002511834594
-0.008591124077923729,1.0,1.0,0.9349934298412128,0.034984485694422474,0.6366197215193252,-4.900307463384174
-0.09189408663510346,1.0,-0.36318436421575684,0.29296147181975796,-1.0,-0.13082343911512184,1.492657782462831
-1.0,-0.6028430340853242,0.07794800744671093,-0.6189284152565174,0.5102354568836796,-0.8856507029054701,5.421125166197768
0.2142493365961351,0.3428884269182766,1.0,1.0,1.0,0.5134950874305151,-3.1662726029566413
-1.0,0.666206333360735,1.0,0.021189762466141904,-1.0,-1.0,-2.5419730468225508
-1.0,-0.7146296570233164,-0.3541087021016932,-1.0,-0.8790541484874619,0.18764480663244254,-1.250602175296295
-1.0,-1.0,-1.0,-0.5320685412648212,0.8942105351781133,1.0,1.2696942943292786
1.0,0.6411721839469366,0.772793304757972,0.05230867527202632,-1.0,-0.2175736667791941,3.0034592899929935
-1.0,-0.8791191601966257,-0.34204170453907046,-1.0,-0.5961014304560023,-0.06154725108015424,-0.7388035637647489
0.43212420193372647,-1.0,0.14918733794847575,-1.0,-1.0,-0.11815512326606181,7.971970305460239
-0.7213589628967939,-0.7039695659699374,-0.9505382199571999,-0.11074899175101344,-1.0,-0.4918626719277386,-2.193760477543055
-1.0,0.6750264966781085,0.7565431771051108,-0.8075906056080704,0.4424701010901204,0.7816486987704723,-1.1530255854379763
0.059676047596425086,0.24625100326314942,-0.09224171879055931,-0.45717266155775105,1.0,0.43378288211149696,0.6457470427429508
-0.06321226417744108,0.28887124182451207,0.3659311773114009,1.0,1.0,1.0,3.950631859699416
-0.06452026170731096,-0.3258700005358326,-0.7518962427796317,-1.0,0.06830684314449553,-0.23731882500779852,-1.3234010341355393
0.714280772905712,0.016664780826797676,1.0,-0.10850916964529522,0.9915405537525027,1.0,-4.81963054725025
-1.0,-0.2591221374627727,-0.17858305338260694,-0.2804171514959562,-0.8614971465364609,-1.0,0.40712143858624983
0.6955189055106622,-0.27052901162692533,0.4194104455425518,0.7474292029032228,0.13846079990539573,1.0,1.8170979198858535
0.20611842371786349,-0.7047009038217258,-1.0,1.0,-0.22154345578988133,0.9282172246731271,3.879600815043077
-1.0,-0.12779445589012678,-0.791989487925665,-0.769739497412306,-0.3541296178912026,0.03605445221770076,-1.0385775683730434
0.5294370681987737,0.3905809894530725,1.0,1.0,0.2451254805630334,0.013310103618792146,-2.263376612604502
0.33305871783735075,0.41782980442558815,1.0,0.017633858981457307,-0.26354522267909175,0.47230754061346975,-0.8523896606358252
-0.824763071744347,-1.0,-0.6860289778050365,-0.8759950022030976,-1.0,-1.0,3.774970379736258
-1.0,-0.6099890256182467,-0.9980631129881821,-0.5105153734731529,-0.6796484063424562,0.458639787522347,-2.7968203337959006
-0.0025125181691396103,0.775460719898041,1.0,-0.8262369963719959,-1.0,-1.0,-3.1990822417303595
0.048618494400800544,-0.5822756185525775,-0.9178351048946027,-0.11399894420024431,0.27710943023141055,-0.33458827246928713,-1.373717549598404
1.0,0.312368414147548,0.28127523289080103,1.0,0.14803572587210545,0.27102891215162467,-1.6676931671610118
-0.9914358355142097,0.9278919744858939,0.1141622196239579,0.047018463456627746,1.0,0.9329719196387896,6.6155709191546626
-0.28303532518078917,-0.8234858735446524,-1.0,-1.0,-0.9777231313208173,0.6901593120899733,2.2141452390769216
-0.3495044146398894,-0.9173791427253323,1.0,0.9805512079716886,0.827045377978125,0.6389932938219297,-0.93088316987513
0.8087161341318415,-0.02115585721041291,0.23904038709922593,0.03225665434700098,0.7070819002954574,1.0,0.9260440939853929
-0.35891269339364396,-0.34446802468117266,-1.0,-0.08707238804612821,0.3172756911462713,-0.7625106196478737,1.4054454877456717
-0.08770452166676024,0.3892963845579943,0.9332903503775241,0.2532648500978433,0.5270906373529791,0.6862852482226386,-1.495871767214016
-1.0,0.904947398969324,1.0,0.9887761214203441,0.6251699111870928,0.3011059545274001,-7.089177351421746
0.14203554272218946,-0.9359016172072621,-0.1313423657705307,-1.0,0.41982469795478666,0.503006841547071,-1.15469308751255
-0.2707825634011972,1.0,0.6881068377115858,0.8613143015869007,-0.5577567287502313,-0.7469885303546632,1.5670196928243643
0.5782609508972001,-0.41439993018051413,-0.6101596491186924,-0.6720235258082154,0.031122745858320144,-0.5076392235005575,0.1985170762419352
0.7350085144034877,-0.6615675639021981,0.30891002311990884,-0.7145487569106109,0.6335339487042813,1.0,-1.5072223642732223
-0.5432019729815196,-1.0,-1.0,-1.0,5.681394130679918e-06,-0.5824393901016225,-2.4690239361386244
1.0,0.12765290364504428,-0.8169124257459675,-0.1705767586369933,-1.0,-1.0,5.805321105720864
-1.0,-1.0,-1.0,-1.0,1.0,1.0,-0.9637595454012132
0.26301057954406026,1.0,0.1703890225815286,0.013406064545889773,1.0,0.22676442029353616,1.517965141718615
0.09303700725276776,1.0,0.360264408541231,1.0,0.047576061456682694,-0.9679186693022817,1.6969937457932711
-0.7043938360705472,-0.7269569103488502,-1.0,-0.783146724101315,1.0,1.0,4.154137348435667
-0.3852063608750199,0.42500463072714956,-1.0,-0.447902147133042,0.03943634685130748,0.1540909886487749,0.48526423700552423
0.5351307603043389,1.0,1.0,1.0,0.318418656702508,1.0,-6.872657438935204
-0.9990375149970048,-0.3823961629354906,-0.37082333997984795,0.06347426101422599,0.06779182687551058,0.45937415061001596,-1.0065557898419835
-0.38913496823733806,-0.13193329002341025,-1.0,-0.42602640261349656,-0.7931710850866253,-1.0,1.8466929017862932
1.0,1.0,1.0,0.38358453856893404,0.03465950874918455,0.11761867972332096,-2.62918315698827
-0.22998577963590727,-0.3774633048824345,-1.0,-0.9829108822169605,1.0,1.0,5.444173811957782
-1.0,-1.0,-0.664141726893303,-1.0,0.2956913840983828,1.0,-2.323063891180521
0.4616560241380059,-0.8364965819583592,-1.0,0.7942268578675484,-1.0,-0.3035468614021235,0.45535092278464334
-0.6663827225820418,0.024726589044848035,-1.0,0.05739721289010841,1.0,0.48439177448457693,1.45827508868825
1.0,-0.06983194849378582,1.0,0.6411836266708277,1.0,-0.2572392709993519,-3.619158877156891
-1.0,-0.1635694644614818,-0.46179045425615406,-1.0,-0.8429281990789155,-0.1545412736282954,-0.9503004044219656
-0.39462411780311313,-0.2833647570179826,-0.313659852433112,-0.43887877194116687,-0.9332739459885067,-0.3036382693784359,-0.6809287675698583
0.8979401199227417,-0.39133496515847427,0.7493679383792714,1.0,0.4443489948965531,0.17047595505564783,-1.8492525406828837
-1.0,-1.0,-0.8519609657037392,-1.0,0.9369294234335214,0.10262402793269745,-5.728571974608501
1.0,1.0,-0.3692115847246149,0.6296580746516218,0.34377720126206657,1.0,3.078964154428011
0.7068093207890206,-0.3010903668381657,-1.0,-0.5969259437917238,-0.8731726986703228,-0.5684976897448691,2.6590162702536
-1.0,-1.0,-0.28009974457660836,-0.6983067651014199,-0.05559557579837615,-1.0,4.216100614886548
0.3176777170173961,-1.0,0.3302744998522317,0.31940725223113114,-1.0,-0.2744317476301041,4.201530074690769
-0.4866825813786221,-0.1676304861526876,-0.44055250920653993,1.0,1.0,0.1635663448925544,0.8722950186250725
-0.07116004906170881,0.6747034752328714,0.024640134104592204,-0.27787017055220337,0.028159472823098053,0.1324233804039311,-0.1513589068713325
0.9100985812802938,0.32631180559723716,-0.08234150520363026,1.0,0.2689753035986555,0.7794842727671201,0.8817200313050719
-1.0,0.84021932350015,-0.8494421246287032,0.4371984080173868,-1.0,-1.0,2.1365449787083777
0.8581957927430852,-0.46708905303514436,0.20430241757978923,-0.47873555188569683,-0.7982739653333765,1.0,4.467452911570125
1.0,1.0,1.0,-0.5144543752735511,-1.0,-0.8787707137565886,4.241070477469423
0.1678785661284271,0.14112684267042375,0.48600508304762735,0.6271349540625285,-0.10545599236497613,-1.0,3.323317838139828
-0.17525655230286522,-0.38082147832194857,0.8751541031404014,0.686533200574707,-0.9544861862316604,-1.0,0.03603484959082637
1.0,0.7909516406030015,0.7913677632487207,0.3620667561956137,-0.519616375626745,-0.8839288276719922,4.200230017590354
-1.0,-1.0,0.6482817514827843,0.593367458658896,-0.6638968509939782,-0.7200094686267273,1.283121002287422
-0.06524234618740132,-1.0,-1.0,-0.2532902789766193,1.0,0.5844856960898298,-2.215276541070717
-0.7654487599772998,0.09920132567768747,-0.46010416196166193,-0.6398890615812298,-1.0,-0.7430056819264763,-1.7141764411847165
1.0,0.6234122563125317,-1.0,0.4761043636361705,-1.0,-0.7085699069685487,5.1212470466245295
1.0,1.0,0.005311227501080151,0.019508508313746065,-0.42967399861218425,-0.5237937247425954,2.050397399195751
0.3624499851071945,0.16934948668022057,0.31275085624075805,-0.6126507177884655,-0.13968439380929687,-0.34701556473911443,0.7337477561782746
0.8638559744766003,0.8976963523546231,-0.22342096486419633,-0.01735628681691387,-0.9261942478988155,-0.6458805757225917,2.5476277268496506
0.7561710888633745,0.19450425420539208,0.9154739830018206,1.0,-1.0,-1.0,7.100902948317444
1.0,-0.5661288130296771,0.6413445927434739,-1.0,-0.15371603400716044,0.41355910689318687,-0.03930781914441428
-0.7967090871532452,0.4640409973771325,-0.46320917010973006,-0.11486679758612861,-0.9213557507636188,0.34377843858968327,-1.5783419523360835
-1.0,-0.6554477655115605,-0.3037735388268141,-0.9849599347490952,0.03370153735318726,0.33974742606599867,-0.6890469184786034
0.9161043310948769,-1.0,-0.5976124709858924,-0.8959592934813996,-1.0,-0.26618074224898125,8.164385960616048
-0.7350453898695426,0.013945252670830938,0.28475211132651235,0.11716472748822881,-0.8809108764308294,-1.0,-0.6621340684008197
-0.7353217821972062,0.10529647127092889,-0.5043521783617648,0.2201080225259227,0.5135361105449059,-0.8845828935301272,3.478378915533168
-0.1750732601999634,-1.0,-0.8255543727321448,-1.0,0.9042194582966476,1.0,-1.0064742829630045
-0.05498894406353716,-1.0,-1.0,-1.0,0.09583504039336,0.7615347884060746,-2.8508455084008073
0.7040605361487371,0.9696752305170762,0.03872034880123987,1.0,-0.7771063452752844,-0.1891350685861814,4.225111290663315
0.46222666503483745,0.9023134184703616,-0.37704596368282295,-0.07114625360733923,0.153791947702722,-1.0,1.102843084268108
1.0,1.0,1.0,1.0,-1.0,-0.3245461932117711,4.8573622289733365
0.4371824601623672,-0.9413608990088177,0.9505828081335239,-1.0,-0.45452597876976863,-1.0,8.792026805265332
-1.0,-1.0,-0.3030410161532181,-1.0,-0.2415478100793792,0.0028413452261478733,-2.70419655801645
-0.2682254570895449,-0.7729890470324823,1.0,-1.0,-1.0,-1.0,7.097318198626871
1.0,1.0,-0.026568794263822082,-0.6605969606778006,0.42134810705410797,-0.7611982972847435,-0.4573240961041889
-0.2851673225606207,-0.03457529278366128,0.4716789469753871,-0.8301883206648644,-1.0,-0.22537701735285953,1.5510285060702633
-0.49569885661432883,-0.5582062924340208,-1.0,0.5576081647752335,0.17228508162599376,-0.12676993471496956,-1.0808293047813122
-0.06925990113674718,-1.0,0.24752103951211502,-1.0,1.0,1.0,0.18395437665834274
0.7899411148073211,1.0,-0.6115777501855109,1.0,0.2551476374624185,-0.5879196441990949,2.825146517020715
0.6327319502124007,-0.44662052352298026,1.0,-0.04003471587906887,-0.44832356604970275,-0.3493192604009738,3.107708419735536
0.1186507251075472,-0.5870055769486663,-0.09001306720351313,-0.3045665836783967,1.0,1.0,2.5861045748351565
-0.2629933188214183,-0.18629751011856044,1.0,1.0,-0.9627610015198309,-0.6631700856705092,-0.9838044937871206
0.5902965618870227,0.6949731833834836,-0.17633050035537473,0.33354445867074645,-1.0,0.2208166758983459,1.898225326733195
-0.7323291306138031,-0.7535375633526502,-1.0,-0.5206921192990623,-0.6662971153978108,-1.0,3.5114195485253545
0.45902715445950226,0.5094570503490927,-0.5517455668184441,-0.4060861722008326,-1.0,0.24288405534929552,2.087855969185552
-1.0,-1.0,-1.0,-0.15141137534515203,-1.0,0.12103174115749027,-5.982363818325404
0.6991117136805483,1.0,0.46629420211281936,0.5905817042896984,-0.11692625511096372,1.0,0.744753845975999
-0.7568973401744709,-1.0,-0.3333808049360243,-0.05901291243796286,0.028715724118880792,0.6908082149258185,-1.1029846213503376
-0.24501708947606043,0.19946712371041403,-0.6916491859168963,0.22814390608309576,0.656357805315521,0.9058849758195242,5.234232068051962
-0.36068709946776223,-0.7928441737112746,-0.6447722479658888,-0.07903934599136242,-0.9293909013586515,-1.0,1.4299088985276658
1.0,1.0,0.688649630279015,0.7319947376757294,-0.11809088882531615,1.0,-0.8189355170378008
-0.18555217645161126,0.6001577118076047,0.7893020875513028,1.0,-0.46135619472324213,-0.4866016556465366,0.7955794318957417
0.4778732418195063,1.0,-0.27004821947291874,1.0,-1.0,-0.2655230813363578,5.2278376058469025
-1.0,-1.0,0.13612706369616356,-0.16160669129903937,-0.868763147553997,-0.9706173371720348,2.519702192473111
-1.0,-0.1651522458141651,0.3989478639506103,-0.1763230912605337,0.49281444613529657,-0.28538363703570097,2.2922182729960063
-0.8049521337618678,-1.0,-0.7428705029043168,0.10027716559735758,-1.0,-0.21504358926419398,-3.218022311543076
-1.0,-0.9030525841273533,-0.7589324640928634,-0.8784977257674123,0.3374036646497002,-0.9769009222853922,3.5426637993281695
1.0,1.0,1.0,0.5449749094416825,-1.0,-0.1458158282278209,3.045348394783148
0.3433661823325791,-0.437154056853844,-1.0,-0.49754759028832873,0.32722402707635395,-1.0,2.406739705624185
-0.4102584215652895,1.0,1.0,0.012547306260201951,0.3185961554736788,0.14750123543191307,-2.5626477573801805
-0.7949594154919146,0.19798897458924147,-1.0,0.4402367466210323,0.7326261808464882,0.13792042011593186,0.12638742308702156
1.0,1.0,1.0,0.38199707905707503,0.19005626126211028,-1.0,-0.21094049958851124
-0.33227968171603817,-1.0,-1.0,-0.14695087373244375,-1.0,0.1919008415525585,-3.705403834783192
0.11145473457767213,-1.0,-1.0,-0.12130860580497305,0.5583058664892306,-1.0,0.4504762072234205
-1.0,-0.39905100136808536,1.0,0.4858602580142769,-0.48167859247726535,0.3047081403753995,-2.2836033876249173
-1.0,-0.7425596501591587,-1.0,-0.3446494001861449,-0.09181588724759157,-1.0,6.043438062133241
-0.8550183355583985,0.5694355971473719,-1.0,-0.8379800840299672,-0.06969172753965736,1.0,8.085753086934362
0.9384296924521571,1.0,0.2893665010033599,1.0,-1.0,-1.0,11.360386583523882
-0.9072317871771916,-0.708572115234438,-1.0,-1.0,-0.1536183400395103,0.2322400404206868,-3.8251318226027973
-0.8834827003249265,0.18274523757747213,-0.8946901418160588,-0.44564912945670904,0.6234339605719252,0.08867650185961362,-0.02836712956550036
-1.0,-1.0,-1.0,-0.7755714441500543,0.7769652925580925,-0.4122629469955547,-4.796199880654532
-0.8945823142135539,-0.41262713725916833,-1.0,-0.09205642243857803,-0.02234404702592996,-0.5658692444362236,-0.0033412783267462443
-0.6908304789906007,-0.10135938236522962,-0.7913865095108934,-0.6254594311730381,1.0,0.25079836807944134,1.7750555332415971
-1.0,-1.0,-1.0,-0.6922911768105895,-1.0,0.6268354800102576,-3.2751830651510883
-0.04036935378565665,-0.22389011346966248,-0.6393156095173809,-1.0,1.0,-0.44435307373085675,0.412393264055408
-0.48204619730672943,-1.0,-0.9656745976490557,-1.0,1.0,-0.42057924834983407,-4.032479549086759
0.9433413804226594,0.16494373796487502,0.5663787442679624,0.04749569528182951,-0.7200547579850876,-1.0,7.01605140693521
0.21258963838212816,1.0,0.6249627765411767,0.18256260896202536,0.15367084512740914,-0.47958929021902597,-2.174659622625547
-0.7150523566355664,-0.5134868041513792,-1.0,-1.0,0.71481653928084,0.4223624782263974,-1.130426931189709
1.0,0.32459733054606077,1.0,0.6750454195406972,1.0,-1.0,-3.2029795108248034
1.0,0.9866838150633057,1.0,1.0,0.6117909394935207,1.0,-8.813658722971693
0.43537298576933336,-0.24548435867946364,0.4043825956974352,1.0,1.0,1.0,2.373399023021092
-1.0,-0.6514287789882964,0.20476057900678277,-1.0,-0.9262063879006756,0.8041321528132097,-1.5927857271323451
-0.8109042190222345,0.24750036703413303,0.865790271981291,0.9107846193091195,0.3867448126007117,-0.009309499495661538,-1.652259554879279
0.7330705878525806,-0.40008422989163533,1.0,-0.010196305551148255,-0.942114153541576,-1.0,5.6668395226049455
1.0,1.0,1.0,0.8660828864658217,0.23285589003968704,0.5386004550230327,-5.7343896873141755
-0.3317180909466967,0.1946323496461733,-0.4093823163579936,-0.38205428231406713,-0.40131422195678756,-1.0,1.5501609928506528
-0.34726741316441684,0.5305654739526369,0.4179837607088046,-0.42036362503248564,0.29636160440264847,0.5818566917502517,0.14529287943145142
0.25825410571827145,0.6644725801577556,0.5642485804265039,0.499020587544459,-1.0,0.5401077070871533,0.5886875755757678
0.6261732335655803,1.0,1.0,1.0,0.22908979401584306,0.391852815974117,-5.019180090173389
0.5692616730613356,1.0,-0.49946103056718516,0.7649168916689347,-0.7265595242899633,-1.0,6.396186267352857
1.0,1.0,0.5064818460642291,1.0,-0.10245477021513688,-1.0,6.386373590314418
0.6159186746464003,0.6424619331189514,0.923610462986731,0.1370399736343394,-1.0,-0.9662599165362729,2.8875783157338892
1.0,0.21656131710694038,0.9088398974331743,0.3956476658850109,-0.977389967928408,-0.10445088996378282,4.948868183715267
-0.16322554802851685,0.10116331070952289,0.34753319548629263,1.0,1.0,0.6181755452913544,2.1045242505851363
-0.19839789564343685,1.0,1.0,0.2903191215310097,-1.0,-0.2522633211663537,-3.783445608250062
1.0,0.7912818333024991,0.6919190306423364,0.3100053131915956,-1.0,-1.0,6.215714832024858
1.0,0.8283174316470154,-0.25162825627318386,1.0,-1.0,-0.9492591687364269,9.25013369555709
1.0,1.0,1.0,1.0,1.0,0.26701775427399066,-9.629432898973477
-1.0,-0.6400975755505,-1.0,-0.09083828119590873,-0.8960085210862799,-1.0,1.7165628101472956
0.11742806859290056,0.12402214884025775,1.0,1.0,-0.8218861479003156,-0.19778412927200506,-0.48320862977076195
0.7369176235630818,1.0,0.4019601703651058,1.0,0.1001867457922983,-0.5089647215251223,0.6852943209705478
1.0,0.9906839020140594,0.4347463930311617,0.7323999956762957,-0.5372199984769279,-1.0,6.89286150502088
-0.9027950213941723,-0.8096761840257792,-1.0,0.9133469977893839,-0.1535705131203412,-0.2099585964853965,-4.532530661800435
-0.43259085595011015,-1.0,-0.5662648941875947,-1.0,-0.5224664881411781,-1.0,4.382306504046632
-0.9178309166982098,-0.9808675891171916,-0.2689479021835875,-0.5505889518392335,-0.049776548957924494,-1.0,3.6713854796276664
0.18644287732345266,-0.90122958535865,-0.6488414108312062,-0.5891043577466608,0.5264933938291095,-1.0,3.3068756258896137
-0.8012697932078527,-1.0,-1.0,-0.4868882676341286,1.0,1.0,2.0557914572867553
1.0,1.0,0.9026554167197636,-0.357719531499522,1.0,1.0,-3.3873580239547447
-0.3618584894588385,-0.4338286626966799,-0.4148945690381963,-0.28824413340710897,1.0,0.8975769037236532,4.2756785421694214
0.5599490202584386,1.0,0.8037155130638242,0.023121187182919334,-0.9324768843569037,-0.6837052964898989,0.2586777519144833
-0.5888286236879563,0.2886818142522697,-1.0,0.5135924519823504,1.0,0.7131511118705917,4.828363416387301
1.0,1.0,0.07686460200653289,1.0,-0.1409856195681699,-0.39558675854636616,3.215105001061426
1.0,0.8899291943637899,0.9903366570059464,0.9573537543152426,-0.4591684259967862,-1.0,6.082137133034242
-0.0699314186097797,-1.0,-0.028141057876763825,-0.606514554430081,-1.0,-1.0,6.772531450480558
-0.23176670893420798,-1.0,-1.0,-1.0,-1.0,-0.794238373647456,4.198836287288513
-0.5258267122660394,0.9199027421533419,0.4866913165950977,-1.0,0.13231550527308128,-1.0,-1.3347015691958628
0.5638665176210925,-0.025467699030038538,-0.26383933280541993,-0.5932372321703661,-0.9082382676735039,-0.2855533721623942,1.6243434092074613
-0.41656349012388366,0.27912445376421,1.0,-0.4823850419457368,-0.44441499404872653,-0.5332308243598864,-1.0912476582380428
-0.7006797093383442,-1.0,0.48902241499419974,-0.09398939610640078,0.2510873802949436,-0.7439124718314538,4.878566152949496
0.31202039497421596,1.0,0.6249436189963709,0.5594696772028391,1.0,0.9901580295962307,0.4036309180270573
-0.36752446380933257,-0.2931156770197598,0.44110390756075857,-0.4529090044963401,-1.0,-0.4580904244120948,-0.3482113780527185
0.3789984071360038,0.5048668743877873,0.009554467346795173,1.0,-0.4006095863526218,-0.2960184724983501,2.5857202040243106
-0.5931210998447233,-1.0,0.8454547131956992,-1.0,-0.5011664171396637,-0.3135870843193882,3.014720522390743
1.0,1.0,1.0,1.0,-0.3853224429448499,0.6993765064541194,-2.046342369703586
1.0,0.9058836988411625,0.41440776485584796,0.9643525839442815,-0.07551929300206406,-0.15314227989561446,0.17876168199146736
1.0,0.2770269462641626,1.0,0.4542123337542118,0.024848364503452514,0.6547819302124331,-1.2391350625886899
-1.0,-0.05768728753469432,-1.0,-0.7246638870366955,0.38662710919348353,-0.11045948064716105,-1.4485555262475622
-1.0,-0.3485792445117316,-0.39123803981849403,-0.6717500573243806,0.9802921730544325,-0.11005310820025746,2.721843309676608
-0.6794693378741431,-0.7026182463732519,-1.0,-0.24724520807268158,-1.0,-1.0,1.3238844141946222
0.13431989697921748,-0.6599735732357497,-0.07106178533423874,0.03163375504417687,-1.0,-1.0,3.88645878564539
0.6718308908248988,0.4066835900488046,1.0,0.4363216935065655,-1.0,-0.624474053736364,3.8965908639923015
-1.0,-0.2277653964065458,-1.0,-0.8744131474731545,-1.0,-1.0,1.951424182236498
0.14257748665941594,-0.9363758155743236,0.6689047271486424,-0.5768940893572932,0.7705859635786269,0.40751554745016527,-0.14669224434324152
0.41840027906644917,-0.8598030506059803,-0.02018637814686941,-1.0,-0.150113898344909,0.6462278988941226,-0.1420901857583105
-1.0,0.0006432762934633907,0.12062636271344229,-0.6976056159952543,0.002573848831300518,0.26668251354099637,0.022587049907324686
-1.0,-1.0,0.6267383928748189,-1.0,-0.39266173412292715,0.6106497059969392,-3.0146605811758245
-1.0,-0.15264248786142715,-0.22717105180154257,-1.0,-1.0,-0.41834454559792844,1.1157151972452555
0.9135902013927593,0.4826905654222563,1.0,0.7299353019732451,-0.197130079281719,-0.13283454652604876,1.0112736877988888
-0.30274229794741503,-0.848497059079478,0.08652620714808232,-0.16494115665369824,-0.10387221546865089,-0.9998304284415569,3.5902144564328706
1.0,0.13390142124066684,1.0,0.9179518851686339,0.09322057437041173,-1.0,2.4990145228285234
-0.5672762038028749,-0.7058592987927799,-1.0,-0.5366057614575389,-0.5374986732518747,-0.41272650943838185,-1.675310956715127
0.09235167324601395,0.8307270365903923,-1.0,-1.0,-0.621348185007524,-1.0,2.1215668138129473
-0.8233727586508905,-1.0,-0.2790109039601725,-1.0,0.8458393183730505,-0.20058835686784654,0.7371404554739011
-0.39477992596448996,-1.0,1.0,0.35484037734898716,-0.33358013376730505,0.5148591851733205,1.0119103703677337
0.3216704000715511,-0.7768675975265951,1.0,1.0,-0.8631172856652939,0.9886439005098934,1.5009573969881311
0.864095311571256,0.1698962925164338,1.0,1.0,-1.0,1.0,1.8817075685054416
-0.737296234865024,-0.21305042516217565,-0.11950727432001385,-0.7644876724430276,-0.22995318527267594,-0.2591839158460507,-0.06780011567670188
-1.0,-1.0,-0.04076838214563383,-0.902347632618669,1.0,1.0,2.3532100281964023
-0.4574511951585818,-0.585455330831818,-1.0,-0.3846270599192618,-0.23685342545568144,-0.266970677423866,-0.6956773111210133
0.39439139377241905,1.0,0.5044601147293417,-0.04087599272791864,-0.7543282521910603,0.0410699470020489,-0.038876011247899245
-0.5361276889665267,-0.9232861249282281,-0.23205754562474423,-1.0,-1.0,-1.0,6.476366831051176
0.604316487007357,1.0,1.0,0.5824855165557317,-0.5405383701617481,0.7065909164539039,-2.9866569658932396
0.6472107576758562,1.0,0.34827334618019656,-0.8613754567818688,0.3604121297917623,-0.3710405919052596,-1.4368784020804275
1.0,1.0,0.23411562211653258,0.1726582421108529,-1.0,-0.1883583432383854,1.3978001556682536
0.9745316748355543,0.9254856626777087,-0.20562153466547303,0.42732357588573866,0.05007290336594154,-1.0,3.5986719973156336
0.8150980589754739,-0.9263574544560735,0.18971977865850195,0.05340418196621782,1.0,0.6527070052615276,-1.8859034558232124
-1.0,-1.0,-1.0,0.10664047661465637,-1.0,-1.0,-1.3018960962852106
1.0,0.4806461230668806,1.0,1.0,0.4399404555666073,0.12450398442990762,-4.152393244265953
0.3356007623234267,0.9811951472842482,0.1734115212562949,1.0,-0.15910143766165696,0.02674671167523701,-0.3221087957313446
0.687518382243701,-0.3568061960118253,0.6814524293557724,0.8064277452707761,-0.008584780279331905,0.20029200697435517,-0.7771984383976539
-0.32457309352540464,0.408752863589331,-1.0,-1.0,0.10475137567335557,1.0,7.659728866316189
0.06525443982992629,0.005557115390369738,0.22320744718118501,0.5328513453754438,-1.0,0.12440010835796164,0.373965340846223
-1.0,-1.0,-1.0,-1.0,1.0,0.03101377078112999,-7.810005534538301
0.5393546583676836,-0.4323260422085019,0.5741933335446673,-0.809699042607414,-0.886408024640618,-0.07243777745937341,3.4035468447792945
-1.0,-1.0,-0.723594927680732,-1.0,0.6447698040250152,0.7048956120620964,-4.033024751183456
-0.8260283999168502,-1.0,-0.2109155274110801,-0.9483563714329859,0.9754392165965262,0.6933242594184901,1.0888222288684282
-0.2543397847552461,0.3824888747375518,-0.5040321224836312,-1.0,-0.819622416809652,-1.0,0.5866948160076573
-1.0,-0.3870329055464721,-0.646364310145038,-0.041640700289190175,-0.12917899257035254,-0.569907395333722,-1.001637982743631
-0.273905269699105,0.049708024198928946,-1.0,0.21056388789829833,-0.03022418680411068,-0.16389671031785252,0.2439695242850044
-1.0,-1.0,0.06455120992199048,0.02607152611964647,-0.6431081303418226,-1.0,1.9631476728983979
-0.08188674700147236,-0.7152892012462533,0.4854821276302016,-0.2159609316575798,1.0,0.11986142421256218,0.5327165132157089
0.43000731709378226,0.18137302711533465,-0.8179556382278887,-1.0,0.24002626468001892,0.5608492381768552,0.16835405176371432
0.6095842700038452,-0.46475870805690334,-0.6804207848151206,-0.04161456133802177,-0.22191103320713473,0.6168831720882,1.7433215040215724
0.0880253936330398,1.0,0.15432514446067552,1.0,-0.8418158383154206,-1.0,5.961459423530977
-1.0,0.36534380983998477,1.0,-1.0,-0.9787084910991429,-0.6567912994729884,-2.7927075448283833
0.3381530384700562,-1.0,-0.7307681227366297,-1.0,-0.29400288202976377,1.0,1.1850712093141937
-0.44424945730376586,-1.0,-0.4114882795987498,-0.6154220336573055,0.3683635981061886,1.0,0.5566693636279758
0.019398383291493015,-0.13046850729083248,-0.018393849212368973,-1.0,1.0,0.424199330820592,2.112344385818011
-0.9230082888037674,-0.21675806932751318,0.6597235843344671,0.06010086261570963,0.6950284414245722,-0.04462975890372234,1.1365648105928867
0.9488083052686254,0.22947116490859026,0.06895019051175089,-0.13787408394578493,-1.0,-0.0104555207062218,2.5223637878340717
0.6389933141042304,0.5391675640463185,0.30921042379358554,0.440766619311439,-0.0669255129872258,0.46986333324668983,0.6210302890508974
0.31771165214447383,1.0,1.0,1.0,-0.9369122354352564,-1.0,2.4989548761503184
0.6007473273727584,0.3985387779967918,0.2920717720301551,0.6944199021491237,-0.52375053518129,-0.2376979685605674,1.625566431908453
-0.6050083229822276,-0.041229369766081436,0.5739522860556419,-0.8311579308152688,-0.19975738154998735,1.0,-0.5910529946915692
-1.0,-0.7894207654741159,0.13177844659233182,-0.9703132184454366,0.667807560551049,-0.4919704485928861,3.5150649679901584
0.854306644311031,0.79543092255054,1.0,1.0,-0.6838940687393227,-1.0,7.382367463340178
0.07236349251326513,-0.34398430504146915,0.14952765759728887,1.0,-0.798345136128985,0.4827173548872744,0.9907976255152203
-1.0,-1.0,-0.3393526253074341,-0.5678985823758913,-0.18708005793169513,-0.4108786388461989,0.029608816633904522
-0.48758618296553946,-0.4736788049921572,-1.0,0.9328176454670573,-0.7011230754196107,0.6884922435935801,1.7490832492024464
1.0,0.9309179277700632,1.0,-0.414381231850314,0.06164824454323836,-1.0,-0.47107054858551467
0.2797589851311564,1.0,0.2860723115372397,0.3782326041679476,-0.6378008557201711,-0.07831049948277047,-0.18993173996944274
0.5936269992635144,0.4372207342413037,0.2928389964688186,0.293629700111514,0.4079197880993505,0.4204827581355271,-0.8293196595020363
0.23165208093239542,-0.12001237093993455,0.19495442532954593,-1.0,1.0,0.6973087621505494,2.8542205778413994
0.7208765088799545,0.7649821575150718,1.0,1.0,0.912112913036603,1.0,-5.299485857523414
-0.5035870213396112,-0.8672167048619777,-1.0,0.17295776086266335,0.03203804890361628,-1.0,3.704630273897353
1.0,1.0,0.17768717031110282,0.826996555442785,0.4626186255437069,-0.8103864181547134,1.9732525316514686
0.6458824836064831,1.0,0.8086374784258135,-0.5491506208517718,1.0,-1.0,-1.831839605939337
1.0,0.8971564771936669,1.0,0.36747296029853516,0.7457489992345259,-0.20550177487696633,-4.282076904811496
1.0,0.5808274629069741,-0.10929811587963681,-0.577834584674949,-1.0,-0.2547511260227455,3.838580214289756
1.0,0.42899316661658465,0.19334576671260792,0.13707450608269028,-0.37908182200957996,-1.0,5.415357483832275
0.42107245575922536,-0.017362163027688005,0.6483490952332038,0.8550263923709379,-1.0,-0.09707368276923622,1.150089704488012
-0.9070613792114741,-1.0,-1.0,-0.1275774414561872,0.8514102350466961,1.0,4.163348566112474
0.7663421329461537,1.0,1.0,1.0,-1.0,-0.9234800586476073,5.184805440667729
0.9386039279750328,0.36035889327326803,-0.0433572430452831,-0.4222201938874488,-0.3632086712695044,-0.6376399918637154,2.650477534723206
0.09320207934169089,1.0,0.6504903547872406,0.23417266967503952,0.40608887553389833,-1.0,1.3544119174043778
1.0,1.0,0.49386088085676705,-0.4111776279887477,0.905446879645652,-0.6076011972177514,-1.3208983173721864
1.0,0.6939596140666939,0.8063943911504561,1.0,0.1126550980235699,-0.020115362358365696,-0.9640760699777627
0.8585549513307541,-0.13367466330045064,0.8075143532212793,-0.3722832996812961,1.0,0.33473631161177053,-3.7780467638113784
0.2322027588869644,0.7586905323127979,-0.008774955621164926,1.0,-0.17904740908089167,1.0,3.153222599229346
-0.2654496522055053,0.061260803517002305,-0.12538102094563364,-1.0,-0.9534179188509075,-0.4617338163233513,1.3526533005833645
-0.2200413718745844,-1.0,-0.5716932970678514,0.42025821197034946,0.9151891711075638,-1.0,0.5927010761287571
-0.18010593314902185,0.10993440004252292,-0.3681763979119284,-1.0,-0.5384769461489253,-1.0,2.146042651275783
0.09173982485825904,0.3224234083281816,1.0,0.6876089655372584,1.0,1.0,-1.1686111880468242
0.40495153889960434,0.9693101038319437,1.0,-0.33654303287338216,-0.2644670848514376,-0.9979019314003209,-0.7263910938841336
0.44367676641655995,0.9646084371929848,0.9753927104470754,1.0,-0.1520919676542929,-1.0,1.7215992739304258
0.6453111617502263,-0.35692295379186,0.8174869544826902,0.4042050302026169,0.3601678968212479,0.9420133574501895,-1.167560163110402
-0.28348329070958644,0.9701455149026454,0.4252608694190586,0.4738096622055416,1.0,0.573090844922673,0.7249388171959156
-0.44848017507496674,-1.0,-1.0,-1.0,-0.6770253476812207,-1.0,3.671705482087439
0.2812226410750507,0.399938751833979,0.7653825907875562,0.42669032047224187,0.17364478073143985,0.6236507125077245,-0.8183132467545052
0.16912680151856907,-0.42645545223946835,-0.7668955753071356,-0.18734780755232272,0.02155608737611825,-0.5267473475432283,0.6529667170629246
-1.0,1.0,0.5946088786793251,-0.8123304070794908,1.0,1.0,4.53886304803126
-0.6800055155783773,-0.39162733054583043,-0.1003775063188574,-1.0,-0.5697727877361655,0.5861486496675619,-1.0947061190913951
-0.5037111280596047,-0.05251276934329652,-1.0,-0.9764785636208785,0.5990440580309363,-0.606446534215998,-0.03582371409533769
-0.7643081378567389,-0.8639676578354889,-1.0,-1.0,-0.535704357969346,-0.6824744216608336,0.9516780352326254
-0.330569621007083,-0.8379244504183324,0.3657146934974348,0.37966539246487857,-1.0,0.23567711752534498,0.6737418007712248
-0.44762129599689904,-0.3603139344945283,-0.10815952121960343,-0.5018661459779044,-0.3780435662936379,-1.0,3.4087398203297528
-1.0,-1.0,-1.0,-0.3411528774537196,-0.6622311049408978,-0.05227781463247855,-4.703741777127494
-1.0,-0.2113909004608443,-1.0,-1.0,0.8759919755322965,0.7818532715604678,3.417473627617936
-0.8055622731886356,-0.5331183837647189,-0.7295363925438633,-1.0,0.8007646523315045,-0.32743846563558454,0.9569831413347554
-0.6453694648984208,-1.0,-1.0,-1.0,-1.0,-0.42877161836528077,0.1545797797763665
1.0,1.0,0.13481817603897972,1.0,1.0,0.40702306819604894,-3.1930970973182657
0.9035935101230486,0.47597889546917194,-0.1049043438469558,1.0,1.0,0.014451000289041227,-1.5555330788471076
0.07919604235525063,-0.26330411100182205,0.6720000656347405,0.6973960820951353,-1.0,-0.9662912388716725,2.1546410219067678
0.5667871161306113,-0.4494116099828529,-0.19245657278982264,-0.5342497266235529,0.9996784605138465,-0.09049459205567856,-1.8060724207367906
-1.0,-0.20290357287772598,-1.0,-0.16276562555577567,1.0,1.0,8.247909789894113
0.4180295513357377,-0.25992425071151826,0.06569639953694417,-0.119071511064196,0.5421063420009606,0.5826974060234074,-1.0990470291706333
-0.48069628586689134,0.7796352889018667,-0.9428982655686877,0.3955502169602605,-0.02022123959374207,-0.30396740547801426,1.3145655664662868
1.0,0.33585247110368255,1.0,0.40450978728519704,0.2631234447248164,-1.0,1.5916866204854858
0.21204269342432125,-0.17997043052206907,-0.09794893721949183,0.9076426837281942,-0.3129097199002759,1.0,3.067172274367424
0.5828920937852649,-0.4979746583689146,0.8101506373941159,0.5993638428788857,0.8553198920638578,-0.5595938550500618,0.08841619023391689
-1.0,-0.0708564967201033,-0.041950959797523835,-0.3700958329230009,-0.9551354650567607,-1.0,-0.8531995548185041
-0.6015515847774855,0.07130173265594508,0.8023337541894522,-0.32378576544556315,-1.0,-0.7953376482181242,-1.537273057317087
-0.761182359462202,-0.11317171596098052,-0.37512565768347184,-0.7625620200064092,-0.28839712100021253,1.0,1.396730732301585
-1.0,-0.0837240946849902,-0.47527672347273064,0.2926125622932578,-0.3482379948398481,1.0,2.126046500754231
-0.9096833581912085,0.21355812739691402,0.9814873352976696,1.0,0.936422280370891,-0.7039131629264691,-0.5941963430078632
-0.6968794790517969,-0.2716145994804491,-0.54976024978755,0.5393949780650452,0.38722021855800814,-0.6099627358570354,1.4490174342580764
1.0,0.7379767367425043,0.41147256065619064,0.5483064367868848,0.6852154099401303,1.0,-0.05216087333146263
1.0,-0.3799244802958077,-0.20247869779822558,1.0,-0.731316735168646,-0.6035808178270371,4.2651500974114
1.0,1.0,0.4525643666783635,-0.7788785929465035,0.7284921375240887,1.0,2.100786791253538
-0.40050714233275003,0.7649058659376193,-1.0,-0.8214824013847688,1.0,-0.10574095900488989,2.4769326013230364
0.30358068869415034,-1.0,0.9669085547929719,1.0,0.3999150843323771,0.40245003218375264,0.9302986068213278
-1.0,0.3695086909687961,-0.4714344281681515,0.23322209246421388,-0.48198495394444585,-0.3159134993089393,-1.308558669291946
1.0,0.7844537337890547,1.0,1.0,0.4915642617635648,-0.6951610329681366,-1.6971655748070522
-0.3399487763755813,-1.0,0.9452257869921831,-0.7392303308100026,0.16210683614404786,0.1223265381540915,0.2722024654857639
1.0,0.05273503317607231,0.5988253772945102,-0.7585856359891101,-0.37084817745987464,-0.7604452928618028,5.0185137998695115
0.29310917164935024,1.0,0.5154864336307183,1.0,0.5918607471103479,1.0,-1.0527729155621386
0.6469863046747999,1.0,1.0,0.3114908926142361,-0.6228214295396516,-0.6052530105232976,-0.4569499855710015
-0.18024159489122782,-0.27256900661605293,-0.4516162531541843,0.6363405481277867,-1.0,-1.0,1.3958476135401288
1.0,1.0,0.3792337744993603,1.0,0.9871870615720566,0.4561698425582068,-4.157062298619156
0.9398427406212553,0.9399821990204378,0.3763060236592537,0.2614790384357405,0.5893634807593007,1.0,-0.1262917260382465
0.9454753493503543,-0.01147326259050302,-0.515292858167113,0.5113234547556803,1.0,-0.3435246407476775,-2.3839288510210186
-0.5146233309559438,0.4493337448061905,0.315722120946651,0.7241530240545981,-0.44227358974140607,0.5579124677358264,-0.8034674438673605
0.7491848837684834,0.8432705721365825,1.0,0.9277590503800963,0.8073019125433392,-0.06659505231140694,-4.240519483642041
-0.13933920902733155,-0.9017472772032524,-0.9978680505279347,-0.4852617559155066,-1.0,0.16710723869024746,-0.3869305055110317
1.0,1.0,1.0,-0.1709629323749909,-0.5919385674018618,-1.0,2.6095594237863544
1.0,1.0,0.5288808217828025,0.77625865751439,-1.0,-0.34173132193306044,4.752830229871337
1.0,1.0,0.582858506880664,1.0,0.7536104019512857,-0.009944429605215355,-3.1052865276151467
-1.0,-0.3614588697284561,-1.0,-1.0,0.0971388276030416,-0.6275305680213826,-0.05475119261678488
-0.2543561653318939,-1.0,1.0,-0.35803658477800465,-0.13964761430388595,0.16552612304361117,1.959492030140156
-0.5407944927491932,1.0,1.0,1.0,-1.0,-0.5411945062264755,-0.731799188788041
1.0,0.3839405216651768,-0.025890842720574958,-0.781493338814082,0.5170872381878953,0.4765778936499428,-0.4363042112144637
-0.8733368759395695,0.22205565361839397,-0.5706784137462547,0.2068132483087684,0.8810941859981545,0.7440858792442242,3.7553897367365066
-0.9411218867558664,0.07410541551860372,-0.8867079268048382,-0.2130838885422307,-1.0,-0.1019752988886613,-2.705575023083451
-0.3394267847134107,-0.5010281010984186,0.18361416109315332,0.9229251424973444,0.9951483884640815,0.5403583712599552,1.317526209452212
-0.19610143157126358,-0.3840156375538706,-0.28643295608372443,-0.4200969368515783,1.0,0.7312603061283998,2.4665800142718264
-0.6144651760085145,-1.0,-1.0,-0.13548414311797996,0.3527868145806371,-0.6559873918837099,0.0393359771236792
0.4622445607574745,0.2971979913447565,0.8446912078651114,0.4069246184777449,-0.2520459159234886,-0.6335467822102583,1.941651625395831
0.3570541442718182,-0.5924436364514367,0.1574306324822602,-0.2963350051049763,1.0,1.0,1.07044346569884
-0.7891530588590259,-0.5885341482254178,-1.0,-1.0,0.1346417026085432,0.2785325163310552,-3.8558166026813674
-0.8071825241629687,0.3486742451423388,0.780956223865634,0.39500418007914184,0.483811214333646,-0.34472059113938497,1.0341394969604256
-0.038307622446863615,0.6595250801949214,0.9453495718128841,-0.02633547178077708,-1.0,0.0894880471700098,-2.333789098801975
-0.2479279313384305,-0.8405482392219422,-0.7356595012450106,-1.0,-0.19953438806857204,-1.0,3.6306791896792094
1.0,0.5744303121279288,0.5330185095216958,-0.15381158198682437,0.059609176205709935,1.0,1.3709860996453231
0.9305994702611357,0.571165071982076,-0.6214098002093744,0.15217154588960943,-0.8932822923270918,0.9371254344454812,6.506484812640849
-0.8458346412426838,-0.7878002576421869,-0.6553857081734971,0.8059065205117883,1.0,0.6470707016059721,1.3648026324683569
0.44116791659357507,0.8958962704062502,0.9043516669665661,0.7734650914004688,-1.0,-1.0,2.6186994280271803
0.2970208016545676,0.19801806098877273,-0.4366705899327691,-0.3101134934109412,-0.835903693254629,-0.05020952203771212,0.19109106765993528
1.0,0.012808837821970842,1.0,1.0,-0.15309726061906756,-0.30620991179879475,-0.058499261564865734
0.36410026312595656,-1.0,0.3244602741989303,-0.36947412385963907,-0.625148269185657,-0.08008757734805076,2.0342664678705153
-0.41510153583724363,-1.0,1.0,0.40776667475863587,0.02506198851182173,1.0,0.8234257106160662
-0.0698207701709974,-0.25838016964256455,-0.4002302929424296,-0.16844962640968975,1.0,1.0,5.017603174117323
1.0,0.9820629410994668,1.0,0.8477603676859559,0.22892087466572536,-0.0858103603361271,-3.4335747303591186
0.21890529805279912,-0.46966261388630137,0.19808951032736388,0.31244302389692497,1.0,0.9763022067766944,2.8169519792944344
0.06128329559587575,0.02472895503980399,-1.0,-1.0,-0.34141177512892973,1.0,6.884580841245215
-0.27197765631288057,-0.5990148156224492,-0.35204052009368836,-1.0,0.5223586837172609,-1.0,5.296817039097582
-0.29822065543536724,-1.0,-1.0,-1.0,-0.3109216093064778,-0.7773678725460782,-0.19182546325263372
-0.2662405393843865,-0.11574374387549102,-0.1978741262454154,0.21224459974192705,0.9063583599400697,-0.7712119487253539,1.5393361012620517
0.9356698043319143,1.0,-0.8428037852596716,1.0,-0.8240488131484079,0.5868709865943795,8.084859465386204
0.24975043448142606,1.0,1.0,-0.6631749747028763,0.8760330519489238,-0.43548521635399245,-3.383979657843808
-0.15241193798307273,-0.21810432928664936,-0.9827469263948185,-0.7618583894178381,-0.19709104060814414,0.012877424871777565,-1.0533429504342582
0.8956213912415953,-0.45698224814007304,-0.18444478099548628,1.0,0.9508435481514226,1.0,2.0235491730464426
-0.4294782575342697,-0.3195981561022274,-0.9168985393222893,-1.0,0.4639807092695974,0.22762325611009265,0.03233922178315174
0.09322242204290365,0.6229162976430609,1.0,0.8469703711009355,-0.03466588864596254,-0.5825398626969245,0.16484750022925565
-0.5128797887128372,0.07079008543806631,-0.8770126471388995,-0.13817126236341248,1.0,-0.8129860791810991,2.389674754794088
-0.3244040653789943,-0.12749981755447226,0.948320259063604,-0.8460643688828041,-0.6028851983799546,-0.33947885605162115,-0.9824977829545102
-1.0,-0.2259542472023912,1.0,-0.855775580705658,-0.0044528347371855515,0.636119646945906,-4.212174565427285
0.8277322113510954,0.7347877261848562,0.519276243128047,-0.5163216498280602,0.5066651515352939,1.0,1.5443590213829703
-0.3131726843605828,0.5441022474321615,-0.0754451579077759,0.26346459082609375,-0.31191302334267085,-0.8682698582351885,1.1862646395653456
-0.9952414147049932,-0.4582035153625031,-1.0,-0.12019734598677623,-1.0,-0.3104914293307291,-3.561202609220102
1.0,-0.014205654770561571,1.0,0.9858019362240027,0.2236926103540403,0.1632598143205779,-3.135325274248074
-0.731991926363608,-0.43960753527465934,-0.7022787918867379,0.1323968840540496,-0.36742457576751664,-0.7292850094151226,1.2725467315575625
1.0,1.0,1.0,0.3252429023620107,0.19208631098671014,0.9058842118655765,-4.750087462451437
-0.0741993652909908,-0.646536928951688,-0.25387896077119637,0.35641496907133097,-0.5087889751369793,-0.7120148982443993,1.676337937460163
0.11277686451319158,0.010923492276454394,1.0,1.0,-1.0,-0.5091270791020943,0.22974608000775548
-0.22158814594018633,-0.1739449129697548,-0.0267385031887738,-0.8597589119936409,-0.07670103366143227,0.8874260883914085,1.547946268516342
-0.2938971518328408,-1.0,0.859199842157902,-0.9601839353362372,-0.06694705814589624,1.0,-2.0406243854540884
0.44594072737560264,1.0,0.2505343315439641,1.0,0.3127916872215486,0.8052717849166298,-0.49400210926770083
-1.0,-0.7907311284690872,-0.0466048885302901,-0.2596060787156269,-0.18420965724536809,0.8024702824119916,-1.3725203430170778
-0.8887755113711366,-0.7360569117879516,0.9077546988255363,-0.7145059139660925,-0.902522940845796,0.2911945251778567,-1.673952684216315
-1.0,-1.0,-1.0,-0.5188022636907291,-1.0,-1.0,2.010792196991606
-0.46788326267110364,-0.13217559574826077,-0.0801723957555579,-0.5763715477289719,1.0,0.8669931397338606,3.2667156581829246
0.43056931158502443,-0.3777580886879316,1.0,-0.2512466041500412,-0.2001385627478382,0.09223069485536761,0.676165730802004
-0.7630187398219972,0.6148760029132051,0.6703528851445931,1.0,-0.49798565986640836,0.7146416111066705,-3.0905874326711142
-0.40778783107794536,0.4280536346858413,-0.9624033360373728,0.19053477520987888,1.0,0.9177104458878695,8.312729426891924
1.0,-0.8927678328183124,-0.04095155038412107,-0.3095986798184613,0.30939321861721186,-0.16762186159579184,-0.3654014443141326
-0.38707927250901086,-0.77090843711832,-0.9436650086263991,0.9146703334465347,-0.8624647272763734,-0.704179226920973,-2.3237630787270804
-0.5710300132435959,0.026930761075193488,-0.004798062292168115,0.9811177862196628,-0.1121969452068814,1.0,1.5104605698975573
-1.0,-0.6940626598815447,-1.0,-0.29213397065279856,-0.481984944157163,-0.08888703563600375,-2.9004905241070293
-0.601513049362019,0.9916545853226719,0.17653677460067194,-0.2802386596698173,1.0,-0.2697991958304543,1.4202515808783804
0.5531866175614761,-0.0016872886778137586,0.7242268790904506,-0.38090274647405375,0.7615221595455702,0.5438109703723502,-1.2017766546663915
0.5950433849971324,-0.404200154370211,0.4299865924519932,-1.0,-1.0,-0.7279617419993768,5.828788148126433
0.5652429319787593,0.3536795000950203,-0.7740168653721238,-0.32130295532997233,0.4647867132471982,0.5217542725515452,1.0268502275343452
-0.8758461520595786,-1.0,-1.0,-1.0,0.6379699785739862,-0.03031992170436751,-7.0502537314180165
1.0,0.3035348277988075,0.5122224981957122,-0.8389241115322308,0.3380072842257875,0.2553219446660171,-0.5276295930751319
1.0,0.27146392179948875,-0.30721045382449563,1.0,-0.4443068911355289,0.07052241589531272,1.303534984982487
-0.8625553248092879,-1.0,0.6214789715413659,-1.0,-0.23366989356888634,-0.4908565218485749,2.9475071142873808
-0.5709111621677685,-0.27628117774769706,-1.0,0.09626976292682946,-0.31805315337895723,-0.06512672808081232,-0.6601431073941614
0.28592982393578004,-0.45546476402945374,1.0,-0.43259191827140797,-0.1365004565328254,-1.0,3.0828221416930788
-1.0,0.010470381315241584,-1.0,-0.6573777083685413,-1.0,-0.6478822566406011,-1.1056616248740527
0.3821263198420921,0.47809479421912976,-1.0,-0.6707291981974046,0.30657115553557013,0.3149862756843561,0.773418885231969
1.0,1.0,0.43005140146475396,1.0,0.6497638141800361,0.039854817844227675,-3.1464759118260344
0.02694084690193274,0.9970195857838309,0.3865642761240797,0.7086920831492474,0.6955017123941607,0.7123383995275296,-0.5936584324286762
-0.916076742643624,-1.0,-1.0,-0.15209662521295525,0.7541965803963611,-1.0,3.6126289580470603
-0.24770134473258199,-0.32409117236103224,-0.3017785153493734,-1.0,1.0,1.0,4.736518284359365
0.40880559557740315,1.0,1.0,0.6934457801798409,1.0,0.3016442207965595,-5.1523885174017705
-0.9916804182475304,0.0687516526873666,0.39105240522673945,-1.0,0.9584374245553625,0.2452124558937887,3.3916760084407476
-0.7858493189316806,0.05709337715687307,-0.012893320607514247,0.39845262639711065,0.4036152191971749,0.2624631631480696,-0.2190062902222092
1.0,1.0,0.15463663891939772,1.0,-1.0,0.44834440323107466,4.8874332111858685
0.8822581274156511,1.0,0.37297724216305905,-0.02399727179704292,-0.5646158073141911,-1.0,4.76189788142571
-1.0,-1.0,-1.0,-1.0,-0.07920416624643711,1.0,-2.2572651044282166
-1.0,-1.0,-0.6447670778714922,-1.0,-0.8640535997127283,1.0,0.5302027285564894
-0.7278846957416447,-0.08756740119243511,1.0,-0.18551738581351376,-1.0,-1.0,-0.5520804588468406
0.21394595094077928,0.4952349708746189,0.42887024187919076,1.0,-0.26099926690958386,0.3264910080946465,0.3967332653234042
-1.0,-1.0,-0.16376202593599976,-0.6302927217350299,0.9861879559902533,1.0,3.1581178473112663
0.9371749614646507,1.0,-0.7735221648009116,0.37178438003665815,-0.2436261525981289,-0.4339390823809844,2.5012566012936897
1.0,0.6578972440456246,0.8950083364702544,-0.42223313442170135,1.0,0.6346283361797025,-3.436448692625254
0.40478214491163406,0.06980062634607354,-0.30154941131305174,0.3012937759416671,1.0,0.3157482681182169,-0.10415485470904884
-0.8860938455395064,-1.0,-0.47316280307540715,-1.0,0.2827253662861702,0.9855112790134211,-2.612884786219108
1.0,1.0,0.5818436520646422,0.335992692708325,-0.38150624091109553,-0.24462158933633854,0.5598645699142283
0.9173348636034564,1.0,1.0,1.0,0.0991818463538656,-0.23519370551481084,-2.4721258459460485
0.07162585286808465,0.23783958080733458,0.7858478975703511,-0.035248824187385897,0.686483789601961,0.33432374413775034,-0.0584061233284332
1.0,0.7124463439154838,1.0,0.8741249062371579,-0.7788027456676885,1.0,1.211158189925761
0.08959155064998425,1.0,-0.49377729390931335,0.883644214370236,1.0,1.0,5.325485075249899
-0.7330587620240535,-0.14725643677417405,-0.0010074897502349023,1.0,1.0,-0.3039773483261223,3.7400710082507795
-1.0,1.0,-0.18179084222737985,-0.44584939902156945,0.5034836403320302,1.0,6.942233913091166
0.540174847805684,0.49840610376588923,1.0,0.9596893362538547,-0.006684530452429033,0.3693564524561337,-1.397869657697289
1.0,1.0,1.0,0.19606127363662806,-0.37667353707059814,-0.29794389135332244,0.5544947669055101
-1.0,-0.8846636631539969,-1.0,-0.4587861771920767,0.15803096035314732,0.8887249190309838,0.00597401769351813
-0.010545301132050877,-0.7746438556679965,-0.037306291019298055,-0.43436606998370886,0.975342514558235,0.952357678758639,1.0397885677832206
1.0,-0.22421576699358978,-0.3584383306011446,0.7451201299181636,1.0,1.0,0.5560355422497945
-0.4332905039461299,-1.0,-0.9688057896896634,-0.715810740583896,-0.3572875181040952,-0.2321137143198404,-2.35184673540984
0.7593829704666759,0.2905206827843625,0.1050212697174453,1.0,-0.13947304116910403,-0.20196768435245488,-0.31284580304273546
0.9654701549264921,0.6160744269037242,1.0,1.0,-0.8269774170781071,0.6674833290570348,0.9688434621529294
1.0,1.0,0.6612466752787016,0.6550411293865259,0.4274521271304543,0.3992411161875049,-3.477883090078791
-0.9877458725218291,-1.0,-0.9060814567142425,-0.34199317455888245,0.2593895784204145,0.06958208599517329,-3.95130745744818
-1.0,-0.45402950960254707,0.04271162429232045,-1.0,-0.8882806439841192,-1.0,3.0081316559207156
-1.0,-0.09356301711314069,-1.0,-0.8558594695632833,-1.0,-1.0,2.3233847336828797
1.0,0.9242233448906372,1.0,1.0,-0.7107994482912043,0.4056473160402675,1.4733703485345104
-0.7134262234969366,0.1198282977232118,-0.45975698479353505,0.1280490661744229,-1.0,-1.0,-0.298764946625808
-1.0,-0.13115510796728125,-1.0,-1.0,0.3013619519914905,-0.8019649441974486,1.8301167215758118
-1.0,-0.9318722143214666,-0.38450914493309263,-0.07385052419437699,-0.507101008867551,-1.0,1.1459402104367025
-0.016582927245095788,0.26530606838999504,0.23094202747343728,1.0,-0.8602300044886514,-0.965269098767577,2.6896413949765066
-0.441708043409632,-1.0,-1.0,-0.7919459686526018,0.32892499690438887,-0.5287447985915315,-2.714051073672338
0.578244327831698,1.0,1.0,1.0,1.0,-0.6581514790187925,-5.776074084251324
-1.0,-1.0,-0.15102353952236724,-0.6837232928079382,-0.361514682439104,-0.20591537656051973,-0.5051718406858163
-0.016305195688455343,-1.0,1.0,-0.2422142419722202,-1.0,-0.25202115873605896,4.248449990199288
0.37075407161342755,-0.3051429198015388,1.0,-0.10088492976223384,-0.025239364240322915,1.0,-1.3187963383139927
0.7441989744986407,-0.9816952146135638,-0.7422078932940319,0.19160131195433228,-0.4472288749048555,-1.0,2.5274636969457647
-1.0,-0.5911580720750385,-0.8145728987326901,-1.0,0.8780358484802726,-0.4731419265521136,0.3481987318200129
0.8774481214201701,-0.21735632328604437,-0.2225149686576373,-1.0,-0.46435975159677445,-0.6942155026577443,4.2540002723427985
0.7872238237799511,-0.3214866061063532,-0.630435179961337,0.45786252639520764,1.0,0.6996079577683927,-0.46370631014154895
-1.0,-1.0,0.46360451511440565,-0.6621471423794891,-0.0853488128839488,-0.6628311463741728,3.470829330499325
1.0,1.0,0.4425780643152446,0.5302805355302331,-1.0,0.6049690520779036,3.230085997941432
0.026275868491560606,0.838916411783962,0.9197979078482168,0.36582835313034245,-0.46444409915699514,-0.27631122574826494,-1.5346397633972524
-0.7211836436643658,-0.18661896052389237,-0.538162045241257,-1.0,-1.0,-0.6039492923086204,1.3044666449344813
-0.9538899498058319,1.0,0.8267141586104702,-0.17812730991017556,-0.5170514679510496,-0.03085652589595611,-3.03564331690023
-1.0,-0.9464104117635157,-0.1026920018159383,-0.994948037719638,-0.10191760521069573,0.5456022937705658,-3.854743730641146
-1.0,-0.8665711713341766,-0.6788810647646898,0.07373283559601926,-0.19344417461123586,-0.5077686091078009,-0.9884076503730894
-0.4092327742195194,0.47221180052752604,-0.30976561607052805,-0.2506503012176262,-1.0,-0.563105564062395,-1.927865653031556
-0.6168471867751366,1.0,-1.0,-0.6803807061460893,0.5036328268117929,0.26900949591549717,3.718843458484576
-1.0,-0.10739742786280426,-1.0,-1.0,-1.0,-1.0,2.2011669028218876
-0.6336001463663249,-0.45248490873661207,0.6546049134776613,-0.2524136057229081,-1.0,-0.6658256710416794,-0.3740347004263343
0.5896826600512711,0.5088992000412405,1.0,0.6351216250679834,-0.9519202474662213,0.7654703789371604,0.3451955404816665
1.0,0.4881372035974461,1.0,0.24030296612043192,-0.08065850340595854,-1.0,3.8770286576626405
-0.4563582064348553,-0.2416181774148402,-0.9919816175816205,-0.7397645458483375,0.4178328907625577,0.4314629822286351,0.09721749809933622
0.4752836541036356,-0.33022731837379576,-0.4109817246924893,0.8198805219315203,-0.9835192416070782,0.4164065638614759,2.5206884613736067
-1.0,-0.90622221293247,-1.0,-1.0,1.0,1.0,0.931013415263996
-0.07707447635112197,0.9238664725718917,0.43652359749724123,0.7038024033232297,-1.0,0.018702762540017903,0.1839511366503318
1.0,0.04978400796356012,0.15541734631528042,0.29572721287429815,-0.2522560963023692,0.5837669149473452,0.8099348745562289
0.21014013828906056,-0.9819975664874621,-0.22342390758952788,-0.15139639719985612,-1.0,-0.9240794500240717,3.821048589859252
-0.145070982856216,0.41997682010124315,-0.10341828185034163,-1.0,-0.5791067931636373,1.0,5.030228511918298
1.0,1.0,0.502347018932666,1.0,-1.0,-1.0,10.421162724628092
-0.9918562850476154,1.0,0.4416978566643828,0.6576450635660457,0.06938541982887443,0.5921110670539954,-2.3384440172514234
0.057004014475232956,-0.45904739742298184,0.49706517220278873,0.8945059195078738,-0.8545081777935051,-0.5515637811608047,2.184066721101559
0.1268368500676823,-1.0,-1.0,-0.5817527593409293,-0.3080392153573591,0.0931380652261401,-2.1456681607600836
1.0,0.7416958800353601,1.0,1.0,-0.6444543745427826,0.4103877635811011,0.6251820004130891
0.5238464605457858,0.11436433903892684,0.3517909510766203,1.0,1.0,-0.1931879874719742,-0.22381760951471796
0.17288189561131628,0.9836783779310692,0.6833784261143585,0.09393747401015928,-0.9155071232613207,-0.2518622062830925,-1.6839676466120213
-0.6394010944648496,-1.0,-1.0,-0.4197949562565284,-0.3629789022363188,0.05310873682940681,-4.406772575258486
0.11060847489702741,0.05995494571950799,-0.24209708029482024,0.5649521155649907,-1.0,-1.0,2.0914965832233476
-0.22692640312802603,-1.0,-1.0,-0.9456065449506432,-0.7198531371293904,-1.0,4.713313939046643
-0.21790232029117007,-1.0,0.7821215653476198,0.03979842855655216,1.0,0.7983562020650004,0.7402422896916585
1.0,0.11726964169050391,1.0,0.24922452362868142,-0.5312409610787915,-0.42030154238834694,4.192976820211684
-1.0,0.6085105545890174,-0.6821868925571233,-1.0,0.3624567064286436,0.31006520846436114,1.5703608893798862
-1.0,0.6048576990635824,-0.8130749717132644,0.22621918407760394,-0.7327977035312674,0.08381925611635921,-1.9030581966285833
-0.7133784424698508,-0.07259740262502379,-0.7156088071139876,0.0026198951368762158,0.028326729292360908,1.0,4.553565239170218
1.0,0.41440718970066803,1.0,0.7093452082575271,1.0,1.0,-5.574562053887119
1.0,0.4856703686042442,0.40950563271273455,1.0,-0.1609421016602035,-0.12161380302561065,0.10845289561441984
0.21730644667100862,1.0,1.0,0.7238935965659734,0.023266617406986656,-1.0,-0.5935222170042513
-0.03879495877976291,-0.8418219961969129,-0.4714983163327179,-1.0,1.0,1.0,1.1900868354831475
1.0,0.9242184770120525,1.0,1.0,-0.02339523132323381,-1.0,3.7624426589173776
-0.6365660717446706,0.9435740774452811,0.2916215601358476,0.4222102887273785,-1.0,-0.44413321086051605,-1.8900689482764403
1.0,1.0,-0.7659494328069592,-0.08255933470035592,-0.9166010315771251,0.9609821273369039,10.888278012386264
-0.005648893011271999,-0.8859255962554993,-0.1290093361734655,0.6842571520077227,-0.41643944311360687,-1.0,3.277261192645072
-0.7482600538269324,-0.7792031598608801,-0.8133412491251144,-1.0,0.17078305473074973,-0.999174222361247,5.111900937003298
0.08195035061135533,1.0,1.0,1.0,1.0,0.7727395187970352,-6.759002605128369
-0.6856791722060075,0.7221220833838217,-1.0,-0.43643596692788444,0.5395605535457008,-1.0,5.432554804544801
0.6033114075706493,-0.11879303798566898,0.5795991059149042,-0.08842122152072657,-0.6140427194204083,-1.0,4.911039468686528
-1.0,-0.9430766551128501,-0.26072222284366287,-0.2714888643783646,-0.44804500608220393,1.0,-0.6577372509930324
0.32716733437075096,0.12062713750493592,0.6303722839090311,-0.13569742430979878,0.7127814843248133,-0.022668793138185928,0.5989902847908852
0.9825457503770736,0.45551390755619,0.8197274996141866,-0.45381337928440524,0.3227067680667176,0.3529876546175037,-1.681427002766135
1.0,1.0,1.0,0.6748992187090719,0.19955686363673208,1.0,-5.447128466478879
0.24239882575392527,-0.2199433126969858,-0.32217090124772585,-0.6213325079775203,-0.4919866473304466,-1.0,3.587942550413347
0.05791592804592216,0.7590224178663569,0.09948388179938811,-0.8991537192470542,1.0,0.06730348849982093,0.8709874207971022
0.8599762888744207,0.58858408387199,0.034854258631358936,1.0,0.21161823866607266,-0.5223845547814474,1.4479649607540968
1.0,1.0,0.49586558079472753,0.4004766035361509,0.6924731431697118,0.15415056359012114,-4.650313128943846
0.9481212175076346,-0.21803336710348759,0.8105471142824743,1.0,-0.11961230219979946,0.19163117614266978,-0.8184959943398482
0.7861318197412333,0.9274982186574624,0.6627284904098883,0.749549989488951,0.2673211145922243,1.0,-2.4751093415300867
0.28335377732812933,0.5298373542841017,0.704350900713814,-0.2673435739389857,0.2824857403727348,1.0,1.3580396108367578
1.0,1.0,1.0,0.9493063976472169,1.0,1.0,-10.821022499620504
-1.0,-1.0,-1.0,-1.0,-0.6735577513983245,0.3604614339136977,-4.462863107748225
-0.21513283985610943,1.0,0.009427638549014794,-0.30256154547239256,-0.7396815720596439,-0.7586976408598034,-0.8177535841053565
-0.046209907268572326,0.39543550116243,-1.0,-1.0,-1.0,-0.3631277060347693,-1.3577352430913823
1.0,0.4768536774825789,1.0,0.6937908726480135,1.0,1.0,-6.736398039813894
0.7646562459803667,0.2871594271899104,0.6341766675368101,0.5199560568376709,0.0791563777366695,1.0,0.06251291623435296
0.46215930349745515,1.0,1.0,0.23587303030076245,1.0,-0.045310106875523726,-3.710461971779379
-1.0,-0.2533447270417999,-0.8150739276850957,0.17281197269250115,1.0,-0.7698661948981711,2.856830271043945
1.0,0.0638643623648214,1.0,0.2622271526456008,-1.0,-1.0,7.30031136107529
1.0,0.5443193480553319,-0.009441801987946807,1.0,-0.19513371745574415,-1.0,6.760187399237432
-1.0,-0.28473989170189196,-1.0,-0.696786930295102,-0.04691563403421917,-0.47696638651636625,-0.702408319382531
0.3652452666091206,1.0,1.0,0.07154482702415654,0.10416751226504861,0.07132790810093848,-3.0578736307825753
1.0,-0.030381830934639198,1.0,1.0,0.9281002035389485,0.07585152088240744,-5.621940462861323
0.5671823407063468,-1.0,0.19629232768915528,1.0,0.7896569619529793,-0.5723574217343835,-1.437546812032024
-0.5938670672519181,1.0,0.4166801188097347,0.8891193276794,-0.12560595689313336,-0.5198604778105602,-1.2324934153333686
-0.8761828369153435,-0.7529571179466532,-0.7309332608112691,-0.48090566973163873,-0.7712185966334358,0.4756546396568935,-2.8038035344906933
-0.38554749818143774,-1.0,0.4886872333801969,-0.22246687593990122,-0.8027232113140714,-1.0,4.867778759721787
-0.07624138059896347,0.5576377247402514,-0.3279340681335497,1.0,-1.0,-0.7222314209954177,2.469125907848944
-0.24990612229968368,-1.0,-1.0,-1.0,1.0,1.0,-1.7706789180261404
0.5494069196171232,0.18261643174376174,1.0,1.0,-1.0,-0.5001276967856454,2.283228671926265
-0.34290192952874765,-1.0,0.36112906598468086,-0.6250248809992288,0.6417911979311934,-1.0,6.046790297673724
0.0621839632070367,-0.22689060011681766,-1.0,-1.0,0.8481466927172154,1.0,4.856995279122031
-0.12714745769873897,-0.17137815707631043,0.15663895577039932,0.004189550300052747,0.7586529365611032,0.9686224923603544,3.360331653488607
-0.44889880407930083,0.3256123788856328,0.9500059753233931,-0.9297717272524662,-1.0,-0.8958260735706687,-2.1439747224090926
0.27654129200538013,0.026677340459796084,-0.6144633165983622,0.20960641493041643,-1.0,-0.07431138259631598,-0.168285942133805
-0.14994460579807345,1.0,1.0,-0.22427547755834876,1.0,-1.0,-1.8792448850874328
0.40520431393818757,1.0,0.09218532752465558,1.0,-0.4088066888186064,-0.7625912584388357,3.899714696825458
-0.06356480158781364,0.006606845337625011,0.11635407013698451,0.5914180606681537,1.0,-0.11994356074748441,0.5568169902467952
-0.2724508418191973,1.0,1.0,0.8504060026747369,-0.024763856463666578,1.0,-5.901581698516424
-1.0,-0.8458791931806329,-0.33508696444782216,0.1108793835012627,-0.7923136639561672,0.28397861769656363,-2.243279624031535
-1.0,-1.0,-0.33483788928944697,-1.0,-1.0,-0.10967693749241869,1.4071838134155776
-0.630094210237549,-0.3791177734077109,0.37516700056654484,-0.23896264125224104,-0.5463126426788403,0.5331359315311608,-0.8458807650589699
-0.14744904489789237,0.2819784678388802,-0.6467545356243491,-1.0,0.9362268220466117,0.014469696196837356,1.6512373551105364
0.3762005983789083,-0.6423210424674399,-0.17082679593998756,1.0,-0.425854589704562,-0.28500274151569394,1.0976644823909931
0.31041495538427555,-1.0,-0.8401021211822418,-0.8790060031047895,-1.0,-0.7997533122983771,6.595776905371416
-1.0,-0.2460856899051822,0.5740405742904828,0.4075026389302872,-1.0,-0.5625696362865484,-0.533681078388039
0.9392416235920775,-1.0,0.1769004267719531,-0.1757297289977202,0.7343538783252475,0.4981713326922378,-2.013944523807916
-0.06694530514219965,-0.12170427076470092,0.7019437691114083,-0.24603393179395794,-0.532762484636677,-0.64182442830848,1.0647276049773513
-0.24874182102591175,0.9221985577475992,-0.5065760089058715,-0.5465583449253493,-0.7307877414613505,1.0,8.260633910703456
-0.1541371822592088,-1.0,-0.23245744495927756,-0.4628758275303362,-0.8444608226287914,-1.0,3.752880722136346
-1.0,0.37917442354366493,1.0,0.1964362925304668,-0.21916702049140407,-1.0,2.461450732059007
1.0,0.7940599351983804,0.33832530816769935,0.9937025186405093,1.0,1.0,-0.9724222215451475
0.1927291748071781,-0.05759883049227944,1.0,0.4639423101819531,-0.32205540940292565,1.0,-1.950556195431785
-0.27846732005886476,-1.0,-1.0,-0.33554688195356275,-0.04990078361914119,-1.0,2.2571873857272218
-0.2157889089268668,-0.2460660239484762,0.4950452718066509,-0.911034114686405,1.0,0.8918361058224508,1.698007269707215
-1.0,-0.561601394279362,-1.0,-1.0,-1.0,-1.0,4.409857149473732
-0.38577637739856635,0.2778708479071348,0.06640635497645464,-0.7917100262984282,-1.0,-0.5932535047527863,0.1739012854862777
-0.8690572550375194,-1.0,0.44607522707304126,-0.13938150415407136,-0.7459189984928729,0.8734390505548515,-1.6799020831753324
-0.585267888833043,1.0,-0.1610793063218542,-0.4095211570860896,0.13882388168697404,-0.04634997962572962,0.22469235844185598
0.4093402192086053,0.050504411715981246,-1.0,-0.40314184643435724,1.0,-0.5074971226553537,-2.415946524626977
0.5223349471880496,0.6543550617361136,0.21370837152260713,0.5621833565328702,1.0,1.0,2.0200754702195587
-0.29939591371984875,-1.0,-1.0,-1.0,-1.0,0.6320484317469768,2.395578265723461
-0.5162152186328618,-0.6410057001198995,1.0,-0.17311384429121596,-0.42761357098705016,-1.0,2.557457615751856
-1.0,-0.0025149556893675,-1.0,-1.0,-1.0,-1.0,1.2737491777451242
0.12164471689785289,0.15699347045821457,1.0,-1.0,-0.8498774536588962,0.09858638831306432,-0.047637359331898554
0.5266159464784851,1.0,-0.12746141626997104,-0.723504056933507,0.3912840408359929,0.6957347101744842,3.105250480738874
0.7426600091745807,0.8297062153885496,-0.037866098442979106,1.0,0.3325027010259394,-1.0,3.790835584682019
0.29982603349914405,-0.4687528583413706,-0.7844491696337321,-1.0,0.32273051964979876,-0.62751613334084,0.5721396075453085
0.1842798851195127,0.2459344848303978,1.0,-0.04791243083341051,-0.38280382392836754,1.0,-0.939359668377745
-0.19817068936086057,-0.8129159588633842,-0.6833427051191376,-0.2166456618566111,1.0,-0.0142764412470604,-1.2257660407674378
-1.0,-1.0,-1.0,-1.0,0.4617261293453947,-0.45344433603038353,-5.7652464291662415
-0.29591165278261233,0.16100269405930273,-1.0,-0.5104091887341322,1.0,1.0,9.06168789915196
-0.4052276606619165,-0.2134874238820833,1.0,0.44428011002267653,1.0,-0.2436371154399997,-0.13897014130383362
-1.0,-0.06402518162004511,-0.5051202869498312,-0.9659087694635933,1.0,0.38423598920173246,4.175928693229407
-1.0,0.38853795808826186,-1.0,-1.0,-0.3994817664134871,-0.6958033969193504,0.3134516625741941
1.0,0.1759168573824994,1.0,1.0,-0.6438103238088274,-0.20206804427354358,2.840164211036452
0.6532984179977892,1.0,0.21382783763667307,-0.9344220274852242,-1.0,-0.9826234883520155,4.7942879667396125
-0.43026300129292167,0.5556750691313792,-1.0,0.47834729272733306,-0.056682201117170206,0.17102166392913404,0.3704831995041803
0.6295468883752341,-1.0,-0.9383978639383143,-0.5053172984739349,-1.0,-1.0,5.247265004929552
0.396301816261069,0.24907279761233428,0.3265724929890679,0.07746324555971629,-0.24641002270497625,-0.2598401758505564,0.8085157052161882
0.4358050926682787,-0.00797547017748701,0.712045620185584,-0.2992100621641536,0.562575581884014,1.0,-0.4693055910770284
0.3662946708904202,0.03939902348655022,1.0,1.0,-0.5114297465601122,-0.4950426793759637,-0.012794300484045062
0.2679155063675809,0.35202990350012264,1.0,0.1383951637787726,0.7670560638224746,-0.2867660965833243,-0.9252857081556805
1.0,-0.5905446480376448,0.17851343691496058,0.7357630652952669,-1.0,-1.0,9.774285814910328
0.9109074186041327,0.09894656955312131,0.8160729091725331,1.0,-0.7351644987027728,1.0,1.4073488853507445
0.3430779185501648,-0.6834856596871413,1.0,0.47071883767857614,-1.0,-0.24600162698449668,2.519052190525806
-0.16987548880043782,-1.0,-0.041624364843379835,-1.0,-1.0,-1.0,8.489952092860253
-1.0,0.577893377789213,0.0685172585086421,0.3840871129613504,0.7382887830030673,-1.0,5.124841683449078
0.9864919545755826,0.7530126825850618,0.6902614422816828,1.0,-1.0,-1.0,10.304699507452685
1.0,0.47182388697849786,0.394251023016424,0.2807340725703431,0.7755182613967115,1.0,-0.06125732666479192
-1.0,-1.0,0.9857725975895691,-0.5978651719498169,-1.0,-0.26728715442119755,1.863046499360157
-0.13635744960576524,0.021028536069185977,-1.0,-0.5672743290520186,-0.44044669131455305,0.488517199092776,0.791468341306481
1.0,1.0,0.8268212325526347,1.0,0.32266980333800754,1.0,-5.23854826664011
-0.30687986507302045,-0.7556022737478155,-0.4263252065735581,-1.0,-1.0,-0.5909562739547474,3.0058713376344444
-0.20478502809635157,-1.0,-1.0,0.2650124812017838,-0.7959011738307744,0.3740972051808459,-2.0560659260064034
-0.5427806369630113,-1.0,-0.18301857389844056,-1.0,0.09557651996898098,0.043585335397929664,-0.6670220949064286
-0.5092246819281776,-0.04042393943214084,-0.7563180666915925,-0.5079214355087054,1.0,0.20286370950572485,1.6273820957078216
-0.5817914495033037,-0.594570195489357,-0.5395495365381426,0.07076801260100762,-1.0,-0.937555753702481,0.36955779185989146
-0.9075308375156182,0.999182953375315,0.5471939374970116,1.0,-1.0,-1.0,1.894956428278517
0.7088703294759264,0.634770809631306,0.40777333505326324,-0.41559930332759126,0.012138623382587699,0.6366367835666314,1.4502914099777624
1.0,1.0,1.0,1.0,1.0,-0.553057521241138,-5.854523632585482
-1.0,-1.0,1.0,-0.6650174290748585,-1.0,-0.6707138970111052,4.556216410232113
0.4270484982092356,0.056646881370031155,-0.8336960611967829,-0.5732976945769399,0.8475918924569485,1.0,3.420168691857785
0.3294935580333257,0.172937333123809,-0.20139818158454006,-0.5570515777817582,-0.20655704865129665,-1.0,2.4111759504978494
-1.0,-0.7818050661941778,-0.4185023757986721,-0.9506847166726116,-0.04984669825586807,-0.7273581732861596,1.4305369086700415
0.25456871557658456,0.5733616701260816,1.0,1.0,-0.20697289611938918,0.10509977410119131,-1.1584963410813833
-1.0,-1.0,-0.3705537176882243,-1.0,0.7152407074812048,0.23004626973038578,-1.3119619846428976
-0.29886576883513416,-0.9706262154901113,-1.0,-0.7507940167963336,-0.6963155395326498,-1.0,3.233021905492209
-1.0,-0.3551742660090747,-0.16506707194578712,0.5455674884598286,0.517677827063078,1.0,3.849728701533029
0.509044074554347,0.04754118186192646,1.0,1.0,0.6592726159771971,0.9376700666812671,-3.693052556702923
0.6268381590982708,1.0,0.2571622870100965,-0.4284627832437379,0.496933886548901,0.30744894753092855,-0.9504438355075713
-1.0,-1.0,-0.33377913428801675,-0.4308715807818894,-0.05786390792672247,-1.0,4.395807117115666
-1.0,-1.0,-1.0,0.12012647815805244,-0.521106065631931,0.20172628113132943,-4.362691468845694
-1.0,0.535137270883292,0.27261607989312764,-0.40041169671739185,-0.24939459246720164,-0.14482201823967333,-1.7452639842971047
0.3081469705662607,-1.0,0.26257539421174503,0.002039255935984141,0.03834974399646368,-0.27973972940904046,1.4680351021522589
-1.0,0.17466782568564532,-1.0,-1.0,-1.0,-0.2710905009387481,-1.2837810469864526
-0.29731681076729544,-1.0,-0.18518544440464413,-0.3571964145869013,-1.0,-1.0,3.957338404162927
0.004574942650218822,-0.920287231243571,0.24913143675773866,0.6716842369791377,-0.8755334089544271,-0.014934833006987502,1.7519210533713545
-0.897626384937908,-0.42112758323539534,-1.0,-0.1519892198874866,-1.0,-0.24475051159321315,-3.299199209015544
-0.2807892057221092,-0.6255792110994042,1.0,-0.52386167071409,-0.34199158487741316,1.0,-2.9713209538248364
-1.0,-1.0,-1.0,-0.04678797307777516,-1.0,-0.35005132584455456,-4.456727527631063
-0.1015152337592713,-1.0,-0.7670999784032799,-0.24596968864016988,-0.04509098485091245,-1.0,2.4879215932285557
0.3802252863806549,-0.32006884002130365,1.0,0.5730175345559242,-0.1606522032829648,-1.0,2.2253702627531355
-0.5138839538777891,-0.7756276661163769,-0.9436310120820998,1.0,0.04697379052425532,-0.7073806394359765,-1.4640968954538052
-0.1135567561126718,-0.5818306912739512,0.16741620389239653,1.0,0.8462714083200715,0.41560533893631324,0.5416857577189014
-0.7640665769544666,-0.591611067346251,-0.2774471667968017,0.8739039957208175,-1.0,-1.0,0.5032794374557906
1.0,0.13198796841315685,0.0336689573788711,-0.03292028201202042,-0.7424743161264206,-1.0,7.209705794956683
-0.927337590401675,1.0,-0.8235950409585264,-0.5634716347773807,1.0,-0.17962848867363224,3.7065766641839146
-1.0,-1.0,-0.47322337330399167,-0.6703389219460352,0.0109793028510069,0.29199065504158356,-2.5884819241599266
0.08342575164620125,1.0,1.0,-0.10184021064625759,-0.21101922115406674,-0.6747728488251055,-1.5411534531519027
0.9565087986443894,1.0,1.0,-0.028457606244865014,-1.0,-0.31042129106671346,0.9746504414428674
-1.0,-0.6948149678445643,-1.0,-1.0,-1.0,0.5847111982438667,-0.49987022944196485
-1.0,-0.7867288462541138,-1.0,-0.011767690209084261,-0.1457345535239225,-0.9938867956720299,3.8350953195136
-1.0,-0.08256713425652457,0.2246933340896149,0.07321391493864293,0.34331437004194487,-0.03125169573857689,1.468521520605984
-0.0053744156903037105,0.11249322217844732,0.102913586837947,1.0,-0.2772666116154997,-0.6542616493301245,0.4195780307895386
-0.07608584456961924,0.9724128799236458,0.19944513725071977,0.6753018760318223,-0.5749231422980442,-1.0,2.470469097807193
0.9206887868055406,0.6563152123645164,-0.16743447584774118,0.6442587128849053,-0.6095362084695386,-0.7404475508819345,4.745124393065532
-0.7929623134423971,-0.2967706606400262,-1.0,-1.0,-0.773433166196229,-1.0,3.388276332434814
-0.04675736429417676,-0.5229845578869998,-1.0,-1.0,0.047948168686533094,0.1020864654766107,-1.8306911027663313
-1.0,-1.0,-0.7467665198856754,-1.0,-1.0,-0.4828680350673842,0.9738206715503714
0.893029691717364,0.41824225578205826,0.7375172961149146,0.08149276371347075,0.31707578646773193,-0.5649899478345787,0.5483669177467606
1.0,0.9723424837007193,-0.7200477778956336,-0.30755928178735237,0.11822392033849927,0.8336232407096158,3.3721611715426185
-0.6448219230049832,0.998014595733219,-0.3998814172013121,0.650657906096644,-0.10865999985823671,0.9703823224087479,2.7242215477819762
-0.749281912794291,-1.0,-1.0,-1.0,-0.44937968966258346,0.7567182960010904,-2.8043404839248236
1.0,0.3038220603073888,0.9365308444421303,0.4652965329529616,0.18343144893407226,1.0,-3.027134023262457
0.713262594447797,0.580852443947016,1.0,1.0,-0.5065690354439729,-0.9290398398264191,3.746751294799147
-1.0,0.40384195126032163,0.5049374245742164,0.49641596120346587,-0.046773918900616884,-1.0,3.4524578323005817
-1.0,-0.5568134282043927,-0.6482642624469728,-0.5666551185465387,-1.0,0.3205975056125918,-2.4737980238613244
1.0,1.0,1.0,0.226447861406047,1.0,1.0,-5.707242495940688
-1.0,-0.786708362636639,-1.0,-0.6034911726966843,-0.9727148908039731,-1.0,2.9837286061955197
1.0,-0.1729628962771526,0.8870273407790811,0.5708326519413005,0.3889320597832301,0.17246160727606513,-1.6706197830242768
0.7285567503655888,0.49154265281225806,0.5504500548112392,-0.17349822017733785,-0.23149672231945595,-0.9989054254083634,4.206071754750835
0.5993248421711023,-0.5730532369671206,-1.0,0.018440418962862526,-0.39916075886614544,-1.0,3.5348861977729706
-0.1963979762952931,0.5889129340368637,-0.7348097355991767,-0.5547688734752685,0.3615212048597569,0.6137929169452376,3.1921542572112203
1.0,0.5814406092361637,1.0,0.2851024140297329,0.8905024479188545,0.749306905077721,-4.761787808227491
-1.0,-0.29453897224270476,-1.0,-1.0,0.31116990944724576,-0.1836875768334364,-1.495122525062357
-0.017077920203054875,0.3052084632816434,0.6958437069142236,0.04692102790605329,-1.0,-1.0,1.5281392879037492
-0.5911646621833864,-0.9553784014689399,-0.7910098953930671,0.3019332998967845,0.6651079362904978,0.3634655127010855,-1.6150727977529964
-0.45086800584296616,-0.8553342239737318,-0.491656341067759,-0.3443118078943719,-1.0,0.4980183947806826,-0.5623646858780479
0.9414215896124088,1.0,0.1113651303446789,0.06163633088609122,-0.15200774258036737,0.5940663531051459,1.5800008838459316
-0.8100861634395929,0.7221380429776747,1.0,0.9094400963133158,-0.9755273561870812,-0.22083279377908682,-2.532194142009755
0.8129266324001243,-0.5916284271530771,1.0,-0.6299690948794046,-0.49973929593971045,0.7717839726438154,-0.5274175925994478
-0.6922377806956479,-1.0,-0.5589345621637221,-0.40002895582392195,-1.0,-1.0,0.8727269711987583
-0.03588691371510433,-1.0,-0.40680406474168124,0.05740263951042546,0.702210196582411,-0.48118609583776717,-0.6412803286112083
1.0,0.19755919890652404,-0.20909021909371733,0.6602154402250093,-0.8394904577522591,-0.27684599839105073,3.6597466303155937
-0.8321943179001234,-1.0,-0.1966259763255962,0.10271029181460928,1.0,0.8118374251676173,3.2746157293014884
-1.0,0.2534235740909349,-1.0,0.45331187044663424,1.0,0.7397701727991158,6.068235414528784
-0.5601626644085618,0.09901315931849863,0.2878776451876537,0.60479591779027,-0.43615472457996723,-0.14745636860518468,-1.0327258522091656
-1.0,-0.6893559039294941,-0.4666107195997029,-0.7551606762675656,1.0,0.27765122959252914,1.0182196138409938
1.0,0.9069145365879768,0.36194503758019747,0.3427415610026405,-0.1488984288137748,-1.0,4.035330302518292
-0.13303952643547184,0.6008564894080075,0.3059777692042045,1.0,1.0,1.0,3.870842481123742
1.0,0.7275938597466866,1.0,0.6310988572778831,-1.0,-1.0,7.0702504990177175
-0.4368221241479182,-0.19608924666518868,1.0,-0.7142692243736923,-1.0,1.0,-1.9605672321485759
0.9248197713234236,-0.11889768792167066,-0.44416439962403975,0.6626191065700003,0.7272758092658826,-0.2326734052822551,-2.1132252668991702
-1.0,-1.0,-0.44791129552042697,-0.5084650976684834,-1.0,-0.6535874120812998,0.800699432316356
-0.6376340287109216,0.33420947593594097,0.05487380256463947,-0.3635594016563064,-0.7567489192201514,0.07259352059225924,-0.7377002699626656
-0.07450424873608796,-0.6279291512125061,-0.06704449064586501,-0.008417319651582267,0.7453232871918605,0.5961631405103838,0.054160724175399744
-0.050904714605668165,0.8271437032005333,0.3883368872539245,0.281123133432037,-0.363350727056779,0.07088591281211631,-0.37400756585230216
-1.0,-1.0,-0.6929730461921946,0.09342652855561695,0.14170390332493787,0.9323799302092473,0.2910087446495069
-1.0,-1.0,-0.3706638222510884,-1.0,0.8679338774565273,-0.5054160613694261,2.662799145343108
0.8925158802876796,-0.09629593150732724,-0.5881081102081342,0.19702271005252317,0.7377253335381648,0.12737447031413263,-2.3425345959289565
-1.0,-1.0,-1.0,-1.0,-0.3122104046518178,0.04493888061668416,-7.17809247446619
-1.0,-1.0,-1.0,-0.2831152974156894,-0.14493652890709807,-1.0,3.6909485425731985
0.37658519644826327,-0.4921603321492367,0.9788697786537307,-0.2039185293604501,-0.9376142494768596,-0.8376330644995207,3.0598019784986734
0.11907351252381781,0.585936346703571,-0.5444199414254786,-1.0,-1.0,-0.6558902101002313,1.4337201295224764
1.0,1.0,0.9241284359593301,0.6561719113901426,-0.959846928902633,-0.23994037453640482,3.4338353006674165
0.3520424752129536,-0.6617704049908892,-1.0,-0.13002131333874045,1.0,-0.336818644054326,-2.4255382262731238
1.0,1.0,1.0,0.7826009370890004,0.4096589718867846,-0.9100581170047871,-1.2400247849174624
1.0,1.0,1.0,1.0,-0.6572287537071013,-0.23073642506595582,3.0827125420996837
1.0,0.40677016801378363,1.0,0.9668386734219534,-0.7261228913248923,-0.6829830175847951,4.6113908947057665
0.6147734894689096,0.40800150572956645,-0.11075478334164163,1.0,-0.09834442481419071,1.0,3.344600822530128
0.22705391519800722,-1.0,-1.0,-0.14414037740993446,-0.38470862604961054,-0.38681558243505637,-2.506388849509879
0.9043167743643912,0.44044451594684686,0.44818077413389124,1.0,-0.6632341120503733,-1.0,7.636439588489684
-1.0,-0.7698993615046343,-1.0,-0.8727564946634876,0.9379369716983985,0.06297295302135963,-4.349688150090441
0.07475718654094332,0.804696005527077,1.0,1.0,-0.8388235861152634,0.7115087206298334,-1.9172460960572781
-0.07717333591583414,-0.10302637000990567,-0.9638382837999984,-0.4404785706845141,0.35702104337575935,-0.34461438174700176,-0.5146360183673936
-1.0,-1.0,0.29846550569373664,-1.0,-0.9548595748164272,0.46858139650797753,0.6678993886090756
-0.026383392137765027,0.7487301121113233,1.0,1.0,0.46373896737143827,1.0,-4.953633116134628
1.0,0.6330319405502278,-0.30744180816605365,0.4594769181697589,-0.7361221489716241,-0.7123249654761576,4.852277787385063
-0.7494091931521372,-1.0,-0.6486753908272357,-0.49189453170964836,-0.8557178395894266,0.6776479126401418,-2.003324076765802
0.7125066221172404,0.22562868502263145,0.9970166212511712,0.8515211996046854,-0.2719645048549547,1.0,-1.565981555424159
1.0,0.002800452387453356,-0.024605596492733972,0.3606674716596463,-0.3240810414969635,-0.0617400752504339,1.1807735039647238
0.5893315045403942,-0.5598585488878838,-0.8487509669170409,-0.18532389468657343,-0.6174214730350166,-1.0,4.067667933369722
-0.017686687796804344,0.905215081508268,-0.560158522198509,0.5240165191620524,-0.6119961523201134,-1.0,3.943227621044117
0.8008227263144805,0.08284920831691567,0.7191965758902692,0.3112869391776838,0.35788869645915816,-1.0,1.9277262370367054
1.0,1.0,1.0,1.0,-0.1417541703267124,-0.3102326089286839,-0.17976497587464024
0.5562908670134061,-0.09397864934710953,-0.7216700482341513,0.7896314977759474,0.14978491101287728,1.0,3.216944761371557
-0.23375608580759538,1.0,0.7553067114880756,1.0,-0.23062307030129925,-0.6113627940158817,-0.4780925249755089
-0.42232819197039173,0.39787455804512895,0.6740421368128466,-1.0,1.0,0.6157036513231116,3.0608659654380195
-1.0,-0.18768324803712766,-0.06745405578634725,-0.6973111093337444,-1.0,-0.8816812526114102,-0.445028438492581
-0.12280139611876101,-0.2541102911905748,-0.40379034097709443,-0.588270895469374,-0.8031532284208638,-0.9179725821713652,1.160565114816338
-1.0,-0.9760273674051234,-0.13327729836799154,-1.0,0.8763733092117384,0.3952165631304103,0.4002405061141461
-0.03776474886758385,-0.7033824443157881,-0.22656368277193661,-1.0,-0.6455961601649549,0.3358183831070528,0.4103238504081893
0.7577348639521976,0.9149950069625348,1.0,0.6563312490330785,0.8573812310282158,0.1119861227078342,-4.973935107619594
0.20800527904927651,1.0,-0.014004412749748285,0.8722825838688435,-0.8166425730778619,-1.0,5.752815301046661
0.06883820164408164,0.4841526336969396,0.04582304321098807,-1.0,0.787120207285815,0.08547366710759269,1.525351162850777
0.08155622935615314,0.5067094772605516,1.0,1.0,-1.0,0.10464103327009436,-1.234567216644669
-0.1306728603751106,-0.4229946941720386,-1.0,-0.3573348626085715,0.11092190417403769,0.3987018248541996,0.4740529025474385
0.7130957354297255,0.8857778692700489,0.9314180338628474,1.0,0.19521187883313962,0.6529194086188235,-4.966669502541807
-0.11062496097264718,0.8187175613333282,0.43487205711325183,-0.11598414803471288,-0.5655227221986461,1.0,2.789637103268532
-1.0,-0.9865650924596125,-1.0,-1.0,0.3260821857263585,0.6849476505547891,-5.081101821062553
-1.0,-1.0,-0.7477915613280879,-0.35783288718944006,-0.21975356687697806,0.9616273153544567,-0.4576582826895464
-1.0,-1.0,-0.983479697803642,0.5267876907694784,-0.7456982318965227,0.3464309385467761,-6.412118706854703
-0.6450333987148438,-0.6901471051180095,-1.0,-0.8717961244389335,-1.0,-0.3645281144076704,-0.7689273467137617
0.7391691696673086,-0.9812631609321226,0.5882738910221316,0.36092348403311136,-0.3950729404380675,-0.041458708009886436,2.6756364047798447
1.0,-0.9341420820632875,0.05485450361604022,0.14125039156191987,0.8140844674871647,-0.2504324035482661,-1.769817407420457
1.0,0.5524601570584814,-0.3429772078360638,1.0,1.0,0.2925979082851794,-2.5945307651322334
-1.0,-0.19100883098458432,-0.1452428218636086,-1.0,-1.0,-0.07484866314139405,0.5348850858875788
0.569072851841342,0.039907365113337256,-0.5161598823431707,-0.9528499928162618,0.44338900876200127,0.8580903742242656,1.743720164229641
1.0,-0.20423747778924123,0.8350666248137789,0.48181100063503535,-1.0,-0.5964955492480104,6.255941033538825
0.34108493447991217,-0.6094762917418103,0.5125203177165872,0.341904102598388,0.16053245849832212,-0.6967971879818403,1.9974164081846117
-1.0,-0.4607060380924401,1.0,-0.4719211512188032,0.550619960790128,1.0,-2.366530310684666
1.0,0.604787509941831,-0.12307514557573485,0.29025034262005756,0.3875755684090374,0.42213899602062355,-0.45073254668967355
-1.0,-1.0,-1.0,-1.0,1.0,0.788029432250873,-3.556916949095168
1.0,0.680039165016973,1.0,1.0,0.5203586503448552,0.4769844638718413,-6.630989508261501
1.0,0.43712388145254555,1.0,-0.09797434558877494,0.5225673153644904,0.5224082490636583,-3.23214097763722
0.3161462209914533,-0.9154195003464302,-0.21983010719467933,-1.0,-0.20411047457386267,-0.8119476110240307,5.214971425189375
-0.16671116289363974,-0.2861147510174703,-1.0,-1.0,0.7584869879161562,0.5471813510270471,-0.022175924691316018
0.3315177813320532,-1.0,0.03562250688168833,-0.33020232871750355,-1.0,-0.7724144026247624,6.072820160307891
-0.08567032966498633,-1.0,-1.0,-0.04432945364906482,0.21690183317226375,1.0,2.4675918646029387
1.0,0.7943465153755729,-0.0203270285398528,0.14400472172790135,0.28022464109040807,-0.007176891648591172,-0.346203750252854
0.4768434476855318,1.0,0.3838588871408825,0.8135783475921785,-1.0,-0.31065507088672994,2.363635952307287
1.0,0.6204923334869538,0.3033434678971771,1.0,-0.7955005720450814,-1.0,9.024402544360424
-0.0980804714172493,-1.0,0.14921004430968446,-0.3249260965696027,0.3773418950039171,0.6042274932172738,-0.8777583929373609
1.0,0.983304843644697,1.0,0.3264371899788806,1.0,-1.0,-4.215437551340249
-0.3840791811855968,0.45531983899898554,0.09136607274330061,0.8765876801799989,-1.0,0.03624405167254069,-0.7746720729311531
1.0,0.25996182064435147,1.0,0.1819394904137539,1.0,1.0,-5.663553787884547
-1.0,-0.9253827723935846,-1.0,0.0450836425615386,0.6520151110483108,0.05064411458880014,-3.4394908101762702
0.31100585908737677,-0.3799455723402886,1.0,0.1046614866893884,0.2684387638613319,-0.6498176135795799,1.1875661673217928
0.14569882502159648,-1.0,-0.46752905318583937,0.6008850691697813,-0.21484007568739305,-1.0,1.2161978269415683
-0.14549949450190125,-0.21774717251921327,0.4333926711519461,1.0,-0.028060878234421605,-1.0,2.355507732256907
1.0,0.5801592503715821,-0.6150185092102884,1.0,-0.6864055738123396,0.38358761769394334,2.964867643758937
-0.2745876860089882,-1.0,-1.0,-1.0,-0.5974641767789803,-0.08075872520121177,-1.804430043974921
-0.46243911257985737,-0.4391706250549655,-0.18255142160505974,0.979159711671146,-1.0,-1.0,2.2403041368672314
-1.0,-0.09915490552243533,-0.46262442330055975,-0.08031920680562299,-0.6163224736016858,-1.0,0.9783476038911446
-0.04460389642554757,-0.13383979846958072,-0.7139550554887701,-0.05690303939335366,1.0,1.0,5.56049482828647
-0.5030097158319478,-0.2004720466570763,0.06409073823450091,-1.0,0.03697074517161514,0.32228268502059304,-0.6518174952940313
0.7089582411277948,0.06158585175533382,1.0,1.0,-0.33116841216329784,-1.0,3.3095641197463874
-0.49250388347537977,-0.17460252613320168,0.1438315881384556,0.4759911358014592,0.44444375391901486,0.593451598791554,1.384809892130921
0.0605225569415674,-0.8086449643577547,-0.7845768011897225,0.04112139836077504,0.6108796591569734,0.5631664430450927,0.4971423100957845
-0.46774403350041793,0.237685633708829,-0.45910666238426884,-0.6871062860486801,-0.9618160645210001,-1.0,-0.8886833981608414
-0.39253604353893934,-1.0,-0.1539665748739356,-0.8045723754566341,-0.6008600666867597,0.17588872157667507,0.9638948530730987
-1.0,0.17216736143029687,-0.507184393029054,-0.9255061196739824,-0.8075168939974013,-1.0,-0.2863348803676496
0.20890441439064378,1.0,1.0,0.341943485835575,-0.9800087631845329,1.0,-2.117075793028666
1.0,1.0,1.0,0.5169886602630865,-0.612705626269048,-1.0,4.151507236150146
0.49127916336936606,-0.5404916982280079,0.9397785820542592,-0.3733595618798655,0.17244042691215444,0.2405832895023602,-0.6075559817118488
-0.2599861711929647,-0.49383337798696086,-0.18374706276229183,-0.14104161495624545,-1.0,-1.0,0.5590006228099192
-0.43802168636106315,-0.9433135908747766,-0.5878815831558625,0.355282109292249,0.5925502703271867,-0.05229488252489456,-2.009297083690716
0.19873073842669886,0.34097377496547376,1.0,-0.11685989052053569,1.0,1.0,-0.6696134041509444
-1.0,0.6024601326631046,0.03914734654446507,-0.805681868144198,-0.06329155424718341,-1.0,1.3191633675054844
1.0,1.0,1.0,1.0,0.764308776795401,0.3321610772522511,-7.29376057878026
-0.16281953020484058,-0.2956857791254768,-0.39615910518141983,1.0,0.30367776902899046,-0.8435762623633605,1.0244256095932316
0.5798444570847212,0.9349158545986256,0.6325279396443366,1.0,-0.30826648680835156,-1.0,5.2553816604087285
-1.0,-0.5533715665555563,0.4265533951221382,-0.38442534072063955,-0.3914857883367151,-0.9108804698652366,2.5092302816139935
0.18061267859778396,-0.46561583053199757,-0.05471427617720648,-1.0,-1.0,-0.11772625621017574,3.3390189446055003
-0.5849789063282043,0.8434841558665619,-0.5155304667341772,0.8518476433806711,0.22158702513477035,0.4042684953019351,1.0350117309121525
-1.0,-1.0,-1.0,-1.0,-0.367299836491612,-0.7715545018830815,-1.2296532627240848
1.0,1.0,1.0,1.0,-0.456792918883665,-1.0,5.935154413586725
-0.14568673023827983,-0.9025708147906077,-0.729386988633555,-0.8147374209041192,-0.21853922467954923,0.9439386868801865,0.5750250057166122
-0.34381445868723987,1.0,-0.7179948490219137,0.9844897637913356,1.0,1.0,7.747560669619389
-1.0,0.07735999522755152,-0.5708250383873905,-0.3533760714836933,-1.0,-0.29581895135376657,-2.2606645480471776
-1.0,0.43863605109038506,0.17745875517379273,-1.0,0.6749662223904382,0.04627959366743595,2.4828937819641115
-0.12414846947789948,1.0,-0.28996385956548265,-0.00010820155061008752,-1.0,-1.0,0.5837923485771707
-0.5096638636850369,-0.9776897205493575,-0.3195742141682365,-0.24680240493448546,1.0,0.3475964372771372,0.7383826812370125
-0.6476910924604791,-1.0,-1.0,0.5853202536353146,0.7097595148597855,-0.14991084548188105,-3.3540293490299713
-0.5155475708310475,0.16801203169143875,-0.8052564850933048,0.5842670900241365,-1.0,-0.18269183682343215,-0.8814610716167646
-0.43320460645961956,-1.0,-0.32255678554597406,0.42255781159146305,1.0,0.8303327931730732,3.432852031674968
1.0,0.5164419301479666,0.25706955233002327,1.0,-0.8286470675295654,-0.8064446175155007,7.085973323439122
1.0,0.30715539076803067,0.44873819545328786,0.36770394338335577,0.12084845351834983,1.0,1.1015854443425155
-1.0,0.2229118499774705,-1.0,-1.0,-1.0,-0.15853093440461064,-3.174298417778992
-1.0,-0.27556098571042686,0.1781210470660991,0.09661267774768989,0.20350193567526292,-0.3249591494396881,1.2870742924018286
0.29273111469555424,0.9337694299825896,1.0,0.3590002595458306,0.20506079808418917,0.4841961817847453,-3.491103142854173
0.7424582473829813,1.0,1.0,0.7380628695029472,-0.5178784229323454,-0.8722314600126727,1.9679911775209475
-1.0,-0.8938063983940829,-0.59510168284556,-1.0,-0.001697535256966809,-0.2628284300209971,-2.1002832091988335
-0.15757953402785563,-0.8298954225290333,0.047666409860149916,0.05801921536842625,-0.21903927925717567,0.6968010419161641,0.16787236730976268
0.5600589513032646,0.7750595346257707,0.9118886421216186,0.12933582751317396,0.23917448550020598,-0.7473968335774726,-0.9393564284077868
-1.0,-0.6184198232474327,-0.2417426787805127,0.11067038001921503,-0.6333121141876844,-0.39715047343323406,-0.9571207525041024
-1.0,-1.0,-1.0,0.4976849360534598,1.0,0.6563115923109626,-1.6116141936455948
0.44412027594835496,1.0,1.0,0.01362869970950592,-0.26597767988834464,0.7918300348121041,-2.9437703628799357
0.700054089909958,1.0,0.1087731050116405,-0.7321226827044502,-0.4027355751415447,-0.5104591962694804,1.3817736884910665
-0.8064683106141264,-1.0,-1.0,-1.0,0.011329818049420015,-0.7367101564757552,-1.7137071531761061
1.0,-1.0,0.3688289220006642,-0.6553164555356843,-1.0,0.43500661510247296,6.548090021940694
-0.4971563732415709,-1.0,-1.0,-1.0,-0.7875440854848978,0.028217693345438166,-3.258939938180632
0.47596641561526615,-0.014810661427957728,-0.6354416956501476,-0.2538846607547619,-0.5598036903661108,1.0,5.192805815786385
-0.36771901636527266,-0.09801604076062498,1.0,-0.2509060020100111,0.10911505094607787,-0.7346842863629781,1.9788067140774999
-1.0,0.8995794119606251,0.8344494390088982,-0.3862967899461822,0.25430349947280295,-0.3750603577657481,-1.895517561080473
-0.7252822124055793,-0.9427392119287707,-0.5408416200566205,-1.0,0.12664404381879607,0.0640183327573966,-2.3409313348113074
0.07750352644506563,-0.2853981581811622,0.5203467221516738,0.9070294001647061,-0.5011334714542721,-1.0,2.643968286613481
-0.23760892218845436,1.0,-0.2750867276413286,0.29552022370992537,-0.33168784457276723,-0.43470407270139455,1.2734841438314526
0.5755168485459249,-0.40347925371693005,0.16700729917896162,-1.0,1.0,1.0,0.7992189741533665
-1.0,-0.5613997706429836,-0.2878259232566157,-0.37076287295584476,0.6596279528481734,1.0,3.148904997189475
0.319287775411493,0.8919491469247495,-0.9935416222037644,0.07033948267124313,-0.2646404626951593,-0.9378364370273489,4.140629940431941
-1.0,0.18362862276265202,0.005773441649369604,0.1306547780905395,-1.0,0.026107547448411123,-2.668050729464918
-1.0,0.13134512223480443,-0.6293994986759566,-1.0,-1.0,-0.030096224976819297,-0.9184424196459978
-1.0,-0.6385704529191754,-1.0,-0.47794808969469327,1.0,0.940395658393995,4.9231436818092895
0.07900816824530882,1.0,1.0,0.38766904916329303,0.6418062237305691,0.678624713230523,-3.8518696809138127
0.7304541097878978,0.029994871813339152,1.0,0.941192885152341,-0.32095565884974103,-1.0,3.4662244461495013
-0.5244362188677444,0.44407784710323034,-0.22311203816295644,0.0010596704820350356,0.681282917511095,-0.08378064692505621,0.8541415123084575
-1.0,-0.06134557365700649,-1.0,-0.15156328965743704,1.0,1.0,8.93701688706963
-0.5087733895964331,1.0,-0.592701782522524,-0.2482895462915129,0.6023822375341983,1.0,9.914449626189068
1.0,1.0,1.0,1.0,-0.6757875287508733,0.3476436522099602,0.6609034087342978
1.0,0.1576275867117073,0.9361578664419803,-0.5149540863198102,-0.27685968429028684,-1.0,5.243665481050769
-1.0,-1.0,-1.0,-1.0,-0.267016674726654,-0.5830666149857824,-2.65955039451821
-1.0,-0.9225699759878239,-0.8665270119939602,-1.0,-0.5684696832544288,-0.4519502943419835,-2.1473309041602833
1.0,1.0,1.0,-0.41845153673461466,0.538702869321515,-1.0,-2.6562781107569413
-0.22029014861493662,0.3501733136375035,-1.0,-0.17772830413665772,-0.9644043409036158,0.4907600245106259,0.462277483376468
-1.0,-0.22082400204479824,-1.0,-0.9601427215207317,-0.4920876482117542,-0.7121568398314444,-0.2956503284698775
-0.249782336294065,-1.0,-0.023533278523382606,-1.0,0.0813152930941472,1.0,-0.8485676009212734
0.2325025749579729,-1.0,0.3806845907166713,-0.5932367324564132,-0.9076944780170473,-1.0,8.51154886373141
-0.7537019289477872,-0.907056460945847,0.3476140283472155,-1.0,1.0,0.7330643534285668,1.4430993658397278
0.20170137046103154,-0.14423740840545962,1.0,-0.0015738725547269627,0.6231521284936579,1.0,-1.2591032089368417
-1.0,-1.0,0.5258062644657062,-0.019791409556016548,-0.5138528869100903,-0.6683731551114838,2.50777683894543
-1.0,-0.25324633692367104,-0.9907321607252801,-0.7721513230298822,-1.0,0.11604719105306702,-2.85418950026555
-1.0,-1.0,-0.15829790547248201,-0.804110708695147,0.7743921095666225,0.04049292635258592,1.3170359971250376
-0.2549250906957433,0.06821945518632255,0.882540583769025,0.6210716940841612,0.5105511093080638,0.05885513247883756,0.00988235015668043
-1.0,-1.0,-0.5831615572060589,1.0,-0.28074695781563985,-0.9896060593549303,-1.6736286130860867
1.0,1.0,1.0,-0.7135920009244514,0.8230074404429353,0.8579045502764755,-4.156168367454937
-0.9962593690623804,-1.0,0.08259969413720081,-1.0,0.3213080404652109,-0.6726341940620308,3.107340186597611
1.0,-0.4337525213473925,1.0,0.5771165470468452,-0.0833157453792766,1.0,-2.6281020920699794
1.0,-0.34892754475213306,0.7388626308925735,-0.4961657257903306,0.37082150805381453,0.5786189610338012,-2.2994040034253453
-1.0,0.2123777500440932,-0.4778877902651923,0.9234060939617978,-0.3635368750917144,-0.9727384432702372,2.2185678919455247
0.7884140299372732,-0.5903230436642244,0.16188996564049457,1.0,-0.17499433229044237,-0.7573379600616634,3.705837848307046
-0.18516318615283045,0.22846179450868892,-0.4970668838165853,0.5112302309025029,-1.0,-1.0,0.8115018639144459
-0.5201130074025417,-0.9332194845323287,-0.3834940619435133,-0.6545293907450374,-1.0,-0.6028292761244263,2.6401271506399615
0.07652299767865195,0.872413402437324,-0.13464763585466677,-0.5833377068794098,1.0,-0.8558776664048087,0.2907170769478453
-0.4115568859822558,-0.8250769892709421,-0.028399448855199516,-0.3680530004457485,0.04829664846576587,-0.5946535960496777,1.7375673975298325
1.0,0.5865126456530241,1.0,0.6927150843245364,1.0,0.7111829530973441,-6.65726694740047
-1.0,-1.0,-0.0057831609276112195,-0.28499603873987434,0.3043948866661197,-0.6464435416676018,3.7739527373920123
1.0,-0.9574661074376603,1.0,0.43303646401098883,0.6876766183428424,0.3206011480718425,-1.6838072463775209
-0.28712071574948916,0.18497595617428275,-0.7132317424228745,-0.1164621439510033,-1.0,-1.0,-0.019728516907005583
0.08061180329146111,1.0,-0.029663523991122487,0.4107190392072888,1.0,0.5543586871589914,1.2629982660294163
-1.0,-0.6030134918591745,-1.0,-0.6392031162298852,-0.982532452551604,0.6910922820360662,-1.477091461355372
0.5640830624646525,1.0,1.0,0.13703768843749375,0.16851771376527247,-1.0,-0.8704956264981879
-0.6722669319757518,-1.0,-0.516384806296446,-1.0,-0.4256166114138901,-0.743190266857262,1.0237780864391341
-0.9457742720190842,0.2692389992421289,-1.0,1.0,1.0,1.0,9.87227515338074
0.803436913841103,-0.0025040873448643197,1.0,-0.5891964947339562,-0.3073082616107805,-1.0,3.859331365115991
0.9165494804239734,0.3335258387376554,0.3422995878080486,0.2178154076663933,-0.3542603972533078,0.5787819992830194,1.1309428540318642
-0.5372782289695155,-0.6342600977701138,-0.2957292296342078,-0.22139424781160005,0.7337164817878155,-0.48081208586585755,1.0922660315067576
-0.9483163210901335,-0.8278303445065166,-1.0,-1.0,1.0,1.0,1.8091415414747152
0.5857020714871244,-0.34862913945866075,-1.0,-1.0,-0.21889495936916448,1.0,5.075782051999774
-0.0392071811599609,-0.9679111417642143,-1.0,-0.2659164861331138,-0.24819525211939641,-1.0,2.260564032260272
-0.7443944373795733,0.06686286429390909,1.0,-0.3272655379109732,-0.6317081150106334,-1.0,-0.2438118145027962
0.018702714005049748,0.10560387840060753,1.0,0.3466882771328129,0.6140940543633396,0.8567539712724308,-1.3416220608612834
-0.027544142134810434,-0.5618016203886903,0.12378309397964993,-1.0,-0.7496411016048788,0.7354821375180907,2.748505423324585
-1.0,-1.0,-0.6259484215216078,-0.7891157541910285,-0.20532910755424472,-1.0,3.5876499963307746
0.04376466394928036,-0.49836506574359285,0.8182505336674627,-0.31296829468660015,0.7704703955960014,1.0,-0.44254184731634816
0.9455112040507059,-0.37336032812894704,0.8106534685776368,-1.0,1.0,1.0,-5.005314082526665
-0.24161742573606337,-1.0,-1.0,-1.0,0.43005191955226607,1.0,-1.4567355451000652
-1.0,-0.6614485157693603,-0.5772537826908668,0.3207386876352646,-0.18435441570464284,0.1991479261996113,-0.8114533809503546
-0.19837437339076125,-0.9644711764720092,-1.0,0.2691430760328041,1.0,-0.5582719922490396,-2.0563983397089194
-0.04645069122760359,0.7339255995691043,0.45815552259419934,0.3153369662900598,-0.013604188406999118,-0.4358941331008541,1.2862432513568585
0.5362080751441319,0.4041053087579991,0.9684490519161779,-0.034857898264277765,1.0,1.0,-1.8764730436487898
0.48879933806900255,0.8421184331421916,0.7700071563185894,1.0,-0.6940593553205375,0.613337893409387,-0.4715570519355876
0.5023849682565443,0.3518103109060219,0.7026619780349508,0.28285981039568653,-1.0,-0.2375296039926854,0.7156504246466218
-0.40800524602051924,-1.0,-0.5943046511451435,-1.0,1.0,1.0,-0.11829738231908393
0.43835706208441794,0.005296432156983832,0.5132941071285351,0.09507703943223017,1.0,0.5121559772191755,-1.8793024259232807
1.0,0.9347224913299781,1.0,1.0,0.14571465519776353,0.10434499029248687,-2.744106610763116
1.0,-1.0,-0.05490270678935577,0.006464183322446915,-0.04179629302387056,0.37680624847373934,-0.0861027417226427
-0.17677916402610394,-0.9798872878107238,-0.3571820604135676,-0.29557483372812177,-0.2345129328703912,-0.7948230486696481,2.3496909833876414
-0.1145644254973216,0.35657958490710584,-1.0,-1.0,-0.2777434202573006,0.20380756916750264,-0.7672414525815969
0.9168822383328765,0.17068964080331495,-0.22872327901022438,-0.42527363224988557,-0.2691970930286961,-0.5041155553930254,1.9555552238153122
-1.0,-1.0,-0.1374032440398243,-0.5014848071172043,-0.380648241200072,-1.0,4.5565909928661465
-0.2704224369896482,-0.23234614109403928,-0.7074720146509313,-0.4096930405053232,0.04860554110332321,-0.04120080488708133,0.4536347860428913
-0.5659574680863505,-0.4791148216257276,-0.7864320879670323,0.45401932566622916,-0.19048826373182648,-0.0472825404928327,-0.9507633641644176
1.0,0.020500348177593164,0.046321733035525114,1.0,0.1514781312222705,-0.6877920415450718,1.3628788541743029
0.3963598938497894,0.31443550436265544,-0.4413980970343515,0.6116911286476857,0.8462366032343669,1.0,3.814957370822025
-1.0,-0.21853752570636775,-0.08708215132096186,-0.5786980476748358,0.19963278483100205,-0.0762812281039956,1.157903256017887
0.5440602870777518,0.7316384350142491,0.26141771557394655,1.0,0.5565965279620517,0.7061788404974138,-0.4994515480404848
-0.010325629771505307,-0.6782086125036537,-0.9156635373370605,-0.043778618937242164,1.0,0.07798750754725625,-1.3893253490422344
-1.0,-0.06532068854422501,-0.5210180669127056,-1.0,-1.0,-0.8240405149836472,0.5876959472499959
0.022723554508032318,-0.2591114364140813,-1.0,0.4956256101508624,-0.1335766852329175,-0.5859089465550738,-0.2553878088804351
0.7286746803164204,0.5983552309715474,-1.0,-0.9558935744897397,-0.48605062608952665,-0.45311835619401664,0.863243291585517
-0.6268699025805082,-1.0,0.011732424300494038,-0.4334061240961896,0.9150675805422739,0.47667633914658525,1.5955677977479628
-1.0,-1.0,-1.0,0.3230364624441563,-0.6202102360924583,1.0,1.152543669220746
-0.1047939823823908,-0.28268669724584705,-0.5946066926988143,0.836796058236061,0.8794135621608568,1.0,6.553886115261088
1.0,0.22051858967269455,1.0,1.0,-0.30913020411086306,0.7634466548959981,-0.999784840911367
-1.0,-0.6852381643498254,0.05688244019504041,-0.26540359966589,0.5028251191682143,-0.05521220753650713,1.7182353472685448
-0.38748674282075735,-0.06963238012065287,-1.0,-0.6922255870322944,0.14747591633289314,1.0,6.732138766528246
-1.0,-0.17139464337547805,-0.1381760638124805,-0.3073564917228524,0.03096722526921969,0.10883958240887256,0.3149613549506226
0.1813507206570818,-1.0,-0.7059905787475238,-0.5037860974303773,-1.0,-0.3106946125326734,1.11362212653691
-0.10005315018601407,0.6760432547671713,0.4563370550545285,0.39474864317985947,-0.15568924569257198,-1.0,2.8920948232594625
-0.7058077008918084,-0.9352565621377292,-0.8295414799211798,-1.0,-1.0,-0.6707389830083841,2.192521327912023
0.34714934118071267,-0.3937806602959102,0.20817551542686885,0.7466999604037239,0.16924229270453206,0.0217685717378997,0.3407788183442445
0.009554316131717033,-0.41411496196681824,-1.0,-0.3472547820975912,-0.28952901665108105,-0.005368166276363967,0.2342247026570557
1.0,-0.2927143175416052,1.0,0.1398687347082218,1.0,0.6010515014803202,-6.540170020006199
-0.433843237517356,-0.850800124066704,-0.246184170291539,0.1619372694511061,-0.7904952947649324,0.17872731478773873,-1.1096975355613825
0.13472639227086297,0.055500348209331696,0.6944462870592457,0.8182083268074445,1.0,-1.0,0.8545476177339936
-0.7903708032102236,-0.806363796988147,-0.8467030554524775,-1.0,0.4894864668291343,0.20652320852588302,-3.664028354172992
-0.03807163718295639,0.7668096087105397,-0.1776954579583754,1.0,0.035812550517530406,0.5379529001365406,0.46431960380779863
1.0,-0.4393431857566307,-0.15702073130250305,1.0,-1.0,0.7224698811845837,5.421984098873717
-0.26610389644905436,-0.07503848809042617,0.0450038190061367,0.1110765695193967,0.042697939033480625,-0.28732213229649906,0.6359777020150728
-0.032578276324847,0.3637086158552989,1.0,0.5211998931018285,-0.1904138030103122,1.0,-2.127394324578031
-0.43311477654961095,-0.4988539542346477,0.4356522065078865,-0.4386207093926434,-0.17492978350060784,0.5317600081877041,-1.1458704140452491
1.0,1.0,0.05039545865612238,0.5568885084760491,-0.8830225725097034,-0.4214721813362795,4.2859812901149095
0.22356427493968867,1.0,0.3255667126976371,-0.7350486099418944,1.0,0.4907237860840503,2.2875413000988827
0.43008295624524584,-0.9443165142977674,-0.33160658420390965,-1.0,0.6558630792443244,-0.15700204851599375,-0.8094895739762371
1.0,0.06532023049794633,1.0,0.42331880942081845,0.4967501944195673,0.8683596003952038,-5.160934318050303
-0.022398140657318988,-0.2123066561127062,-1.0,-0.4488134797384167,-0.057600635156474726,-1.0,2.0333019262362875
-0.6567583669240931,-1.0,0.35475496168212484,0.5597042970567998,-0.4083625166406095,0.04378289537019203,0.4297995787067776
0.8612572422889049,1.0,-0.5299098177096725,0.5633675229136632,0.19311228515387738,-0.19724295105815282,1.1931420866993203
0.8230091551394272,0.19066038430919252,-0.6249894109207413,-0.20491866466922315,0.6906572642200279,1.0,1.2364509809725177
-0.3264368802635767,-0.1048083750533153,-1.0,-0.9955626773707245,0.345919530309709,0.8348760828936065,3.896584015873855
-0.1378644567460052,-0.1326700685085137,-0.07126010233322211,-1.0,-0.872130054617539,-0.23889300206873443,1.5379772557036857
0.28607796735933544,0.3567015276811888,0.058023712128603244,-0.5804516081005323,1.0,-0.6698022362164398,0.5266664290466749
-0.5483148709810817,-0.14569416715296457,-0.05086262510495976,-0.7982297862668585,-0.9432723231220468,-0.770575056806233,1.5727698517608384
1.0,-0.16646156626688086,0.94415674096864,1.0,0.05577718515368635,1.0,-2.402771065501483
0.5741170620867575,1.0,1.0,-0.026572566878561188,0.7189722108022913,-0.6702263433854028,-2.5000804921944364
-0.34743739520819994,-1.0,-0.25744760617656737,-0.39396190895042427,0.44850104104641864,1.0,2.6843285344165215
-0.2140803055747028,-1.0,-0.00012170076640921623,-1.0,-1.0,-0.6226640104701002,7.117970614559236
0.47348483674616554,-0.09202229063415412,0.1910213186259625,1.0,-0.7541768468125348,0.15584268685858438,0.6852579464704956
1.0,0.7578002797851318,0.09763508683171407,0.35814062485490195,1.0,1.0,1.1173799866401055
-0.5031405623596591,-0.05458244406768489,-0.8976247838676339,-0.21128104851339857,-1.0,-0.6315857029833468,-1.8504326761701502
-0.06730046356695008,-1.0,-0.7231651724931389,-1.0,0.18228688833220608,-0.30125717207472125,-1.5889543886604502
1.0,1.0,1.0,0.7823024613031475,-0.3341291831572292,-0.6914759113846459,1.653013214500476
1.0,-0.15793270621390287,-1.0,-0.06768986370323005,-0.617293794032557,0.6102027015466001,4.262668400036838
-0.8518464502480063,-0.9745109927837291,1.0,0.504071240301456,0.8507195535351846,0.5924749920889638,1.0285971990390546
-0.44928297611918055,-0.10048312002573928,0.36617865772982183,-0.1868466251129488,-0.4499855667918351,-0.5195612112445278,1.1163904439055399
0.207263017310078,1.0,0.3648616346624508,0.03541663199634504,0.856713901137405,-0.3025931263305409,-1.7938419972655701
-1.0,-1.0,-1.0,-0.3548821409923637,-0.20184143109131636,0.4757002821540029,-3.5464928609829864
-0.5209766434236647,-0.41553953493739315,-0.9639195474510547,-1.0,0.03052168884500439,0.5004058935066202,-0.32616500173671137
-0.385455723390855,0.07688873945130748,-1.0,-0.7605900169288434,0.1208374100650115,-0.4131650492126957,-0.614916269869654
-1.0,-0.06498342658015788,-1.0,-0.901631937486405,0.653076736157874,0.4521230417089543,1.6836443675762858
0.6254189547684896,0.3536227090693449,1.0,0.3143998368671954,-0.01685183034361548,0.25630282757847794,-1.2562327170393848
-0.6273429546729161,-1.0,-0.9668664533239992,-1.0,1.0,1.0,-0.7718170120416414
1.0,0.9828427676605915,0.9452758737768423,0.8825498252189221,-0.3756337913133482,1.0,-2.1449781749699013
-0.26174220916150515,0.006863292551690742,-0.48463545778018946,0.35863074384118954,-0.6865261878000972,-1.0,2.5213817469348796
0.23130798045651568,0.7537679874331794,1.0,1.0,0.38872523371304135,-0.05208210045963746,-3.438081519915402
-0.6373943438668784,-1.0,0.2902714751099121,-0.5259174213236257,0.5062526103174974,1.0,0.13890014467071
-0.5171609673725637,-1.0,-0.5621763840922553,-1.0,-1.0,-1.0,5.7769719755799
-0.1280540838817901,-0.46794479625348884,0.6430434708248312,0.2624619158582495,0.5843575846576703,0.47014810427719445,-0.4591495880638834
-0.5049349411725659,0.5815814988888279,-0.45072205488911554,-0.4939892014084313,-1.0,-0.26133943492986433,-1.167252804250378
0.39251427776623293,1.0,0.9547296724405079,0.7362246813464701,0.7178926075195329,1.0,-4.947284956084495
0.1955628375336251,-0.4433877962674247,0.0897505484811385,1.0,0.22558714236787836,0.669182481554362,1.455552571488631
-0.8565622929965261,-0.24597444712953154,-0.3066462230011604,0.3047710020298764,-1.0,0.09942280916255808,-1.1681239212237182
1.0,-0.5232972768643127,1.0,0.7447580705733807,0.4156730597477707,0.5871176022490092,-3.0683982292736727
1.0,1.0,1.0,1.0,-1.0,0.4034026281074236,3.203989216343479
-0.175490410165423,-1.0,-0.4789012973197217,0.7622432197723271,-1.0,-0.31641311152901563,0.011642423694686765
0.3483945195355772,1.0,1.0,0.7289071856226569,-0.48287831664554126,-0.3209588410727974,-0.5039253825096359
-0.4624616497392311,-0.47767652980411635,-0.8765124048603367,-0.5492045440246316,-1.0,-1.0,2.1293414239591035
0.39852272715365045,0.48737494761902633,0.8871598967870825,0.15944261922983416,-1.0,-0.5056644993042476,0.12450425221466488
